Player,Draft,Drafted,League,Birth Year,Age In Draft Yr,Listed Height,Height (in),GP,GS,MIN,PTS,FGM,FGA,FG%,ThreePtMade,ThreePtAttempts,ThreePtPercentage,FTM,FTA,FT%,OFF,DEF,TRB,AST,STL,BLK,TOV,PF,TS%,eFG%,ORB%,DRB%,TRB%,AST%,TOV%,STL%,BLK%,USG%,Total S,PPR,PPS,ORtg,DRtg,PER
Victor Wembanyama,2023,1,France,2004,19,7-3,87,43,43,32.20,20.67,7.23,15.42,0.47,1.26,4.60,0.27,4.95,6.02,0.82,1.72,8.44,10.16,2.47,0.79,2.98,2.84,2.14,0.57,0.51,7.04,29.60,19.19,14.56,13.57,1.29,9.53,30.49,156.42,-3.62,1.34,110.30,100.50,25.07
Scoot Henderson,2023,1,G-League,2004,19,6-2,74,19,18,30.70,16.53,6.05,14.11,0.43,0.74,2.68,0.28,2.21,2.89,0.76,1.05,4.32,5.37,6.47,1.00,0.53,3.47,3.26,0.54,0.46,3.81,16.51,9.98,30.94,18.43,1.64,1.63,26.81,146.73,2.79,1.17,99.20,123.90,13.31
Bilal Coulibaly,2023,1,France,2004,19,6-6,78,36,17,20.20,6.08,2.25,4.28,0.53,0.50,1.39,0.36,1.08,1.78,0.61,0.89,2.17,3.06,1.00,0.89,0.17,1.08,1.78,0.60,0.58,5.87,11.99,9.20,7.81,17.63,2.33,0.83,14.38,149.53,-2.03,1.42,110.30,109.10,12.11
James Nnaji,2023,1,Spain,2004,19,6-11,83,35,9,10.50,4.34,1.77,2.54,0.70,0.00,0.00,0.00,0.80,1.49,0.54,1.06,1.54,2.60,0.26,0.23,0.63,0.80,1.31,0.68,0.70,13.86,17.96,16.03,4.11,20.02,1.21,6.01,18.32,123.51,-6.14,1.71,116.60,100.50,18.47
Leonard Miller,2023,1,G-League,2003,20,6-10,82,24,19,30.60,17.96,7.25,13.04,0.56,0.71,2.17,0.33,1.58,2.00,0.79,3.21,7.75,10.96,1.58,0.92,0.88,1.50,2.50,0.65,0.58,11.56,28.34,19.89,8.58,9.73,1.51,2.69,22.07,167.45,-1.48,1.38,120.40,117.90,21.80
Tristan Vukčević,2023,1,ABA,2003,20,7-0,84,22,9,14.80,8.09,2.95,5.09,0.58,0.82,2.05,0.40,1.36,1.68,0.81,0.77,2.41,3.18,1.05,0.50,0.50,1.14,2.18,0.69,0.66,7.95,20.86,14.96,11.51,16.31,1.87,3.66,23.11,179.12,-3.00,1.59,125.30,103.60,21.53
Rayan Rupert,2023,1,NBL,2004,19,6-7,79,28,18,17.30,5.93,2.00,5.71,0.35,0.54,2.29,0.23,1.39,1.96,0.71,0.50,1.64,2.14,0.89,0.71,0.18,1.07,1.89,0.45,0.40,3.30,10.88,7.09,8.30,14.01,2.16,1.03,20.17,129.35,-2.87,1.04,91.60,104.40,8.30
Sidy Cissoko,2023,1,G-League,2004,19,6-7,79,28,28,29.30,12.82,4.32,9.46,0.46,1.11,3.64,0.30,1.75,2.71,0.65,0.82,2.00,2.82,3.50,1.21,1.00,1.93,3.32,0.60,0.52,3.12,7.66,5.38,16.83,15.32,2.10,3.19,18.99,140.53,1.42,1.35,105.70,123.00,12.54
Mojave King,2023,1,G-League,2002,21,6-5,77,30,8,25.10,8.10,2.93,7.10,0.41,0.57,2.33,0.24,0.97,1.20,0.81,1.03,3.70,4.73,1.17,0.40,0.30,0.77,1.53,0.53,0.45,4.48,16.18,10.31,6.55,9.13,0.81,1.10,14.77,146.16,0.05,1.14,102.50,124.20,8.99
Tarik Biberović,2023,1,Turkey,2001,22,6-7,79,24,6,14.60,5.29,1.83,4.67,0.39,1.00,2.88,0.35,0.62,0.71,0.88,0.71,1.75,2.46,0.54,0.38,0.08,0.79,2.04,0.53,0.50,6.14,15.97,10.93,5.70,13.72,1.41,0.60,18.83,162.30,-2.91,1.13,105.10,111.10,9.75
Jalen Green,2022,1,G-League,2002,20,6-6,78,15,15,32.00,17.93,6.27,13.60,0.46,2.07,5.67,0.37,1.93,2.33,0.83,0.53,3.53,4.07,2.80,1.53,0.27,2.67,1.73,0.61,0.54,1.87,11.59,6.90,13.51,15.42,2.35,0.76,23.25,165.41,-2.50,1.32,102.20,111.90,15.38
Dyson Daniels,2022,1,G-League,2003,19,6-8,80,29,29,31.60,11.62,4.62,10.21,0.45,1.03,3.45,0.30,0.83,1.55,0.53,1.86,4.93,6.79,4.72,2.00,0.69,2.69,2.17,0.53,0.50,6.41,17.41,11.85,22.09,19.81,3.14,2.04,18.72,128.60,1.47,1.14,99.90,108.30,14.48
Ousmane Dieng,2022,1,NBL,2003,19,6-10,82,23,11,20.80,8.87,3.48,8.74,0.40,1.13,4.17,0.27,0.78,1.17,0.67,0.48,2.65,3.13,1.00,0.61,0.30,1.39,1.48,0.48,0.46,2.58,15.60,8.82,8.90,13.07,1.54,1.31,24.07,133.55,-3.58,1.01,89.20,111.80,10.66
Nikola Jović,2022,1,ABA,2003,19,6-11,83,25,19,27.80,11.72,4.04,9.44,0.43,1.68,4.72,0.36,1.96,2.60,0.75,0.88,3.56,4.44,3.36,0.56,0.40,2.72,2.44,0.55,0.52,3.83,15.47,9.66,21.41,20.44,1.09,1.48,22.57,153.77,-1.67,1.24,101.00,110.30,13.32
Gabriele Procida,2022,1,Italy,2002,20,6-6,78,26,7,18.50,6.96,2.27,4.35,0.52,0.88,2.31,0.38,1.54,1.96,0.78,0.58,2.42,3.00,0.69,0.81,0.35,0.73,0.96,0.50,0.46,5.57,10.13,7.85,5.56,13.03,1.80,1.79,21.12,139.38,-3.51,1.11,98.60,116.50,9.57
Jaden Hardy,2022,1,G-League,2002,20,6-4,76,25,25,32.60,19.48,6.88,18.28,0.38,2.32,7.52,0.31,2.16,2.72,0.79,0.60,3.72,4.32,3.56,1.24,0.16,3.36,2.40,0.50,0.44,1.95,12.75,7.20,17.76,14.71,1.89,0.47,30.47,147.90,-3.06,1.07,88.80,113.10,9.93
Khalifa Diop,2022,1,Spain,2002,20,6-10,82,34,6,16.30,6.97,2.74,4.26,0.64,0.00,0.00,0.00,1.50,2.59,0.58,1.74,2.59,4.32,0.47,0.50,0.65,1.35,3.09,0.65,0.64,13.59,21.03,17.24,5.16,20.02,1.69,4.59,19.54,122.09,-6.35,1.63,113.40,109.60,17.37
Ismaël Kamagate,2022,1,France,2001,21,6-11,83,34,33,27.10,11.26,4.35,6.76,0.64,0.00,0.00,0.00,2.56,3.91,0.65,2.38,3.88,6.26,0.71,0.68,1.56,1.74,1.79,0.66,0.64,11.50,18.55,15.05,4.79,16.98,1.36,6.03,18.00,129.76,-4.63,1.67,119.00,114.10,19.48
Matteo Spagnolo,2022,1,Italy,2003,19,6-6,78,25,23,27.00,12.24,4.28,9.72,0.44,1.20,2.72,0.44,2.48,2.88,0.86,0.60,2.92,3.52,2.60,0.76,0.04,2.64,2.20,0.56,0.50,2.61,13.21,7.80,17.29,19.37,1.51,0.14,23.75,174.26,-3.29,1.26,100.50,112.30,13.16
Karlo Matković,2022,1,ABA,2001,21,6-11,83,25,13,22.00,11.56,4.80,7.92,0.61,0.00,0.12,0.00,1.96,2.76,0.71,2.72,3.36,6.08,1.08,0.48,1.12,1.60,3.08,0.63,0.61,15.11,18.64,16.88,10.11,14.91,1.19,5.27,22.93,131.62,-3.87,1.46,117.70,106.60,22.67
Yannick Nzosa,2022,1,Spain,2003,19,6-10,82,29,0,11.10,2.31,1.00,2.66,0.38,0.00,0.21,0.00,0.31,0.45,0.69,0.97,1.07,2.03,0.24,0.34,0.69,0.66,1.62,0.41,0.38,10.72,12.94,11.78,3.30,18.68,1.69,6.34,14.91,106.89,-4.40,0.87,86.00,108.10,7.56
Gui Santos,2022,1,Brazil,2002,20,6-8,80,37,24,25.60,10.14,3.49,8.08,0.43,0.92,3.08,0.30,2.24,3.00,0.75,1.19,3.86,5.05,1.97,0.76,0.81,1.95,2.32,0.54,0.49,6.03,17.94,12.25,12.92,17.15,1.61,3.58,21.23,147.74,-2.49,1.25,105.10,103.70,15.52
Luke Travers,2022,1,NBL,2001,21,6-7,79,27,6,22.00,7.81,2.96,7.11,0.42,0.63,2.52,0.25,1.26,1.85,0.68,1.41,3.96,5.37,2.33,0.85,0.67,1.56,0.89,0.49,0.46,7.23,18.90,13.28,16.33,16.41,1.99,2.78,19.12,134.67,0.00,1.10,102.50,103.80,15.29
Hugo Besson,2022,1,NBL,2001,21,6-3,75,25,19,27.40,13.92,4.68,12.12,0.39,1.92,6.24,0.31,2.64,3.32,0.80,0.52,3.44,3.96,2.28,0.60,0.04,1.80,2.72,0.51,0.47,2.14,15.58,8.53,15.21,11.70,1.16,0.13,26.32,148.90,-1.05,1.15,99.90,115.80,13.44
Josh Giddey,2021,1,NBL,2002,19,6-8,80,28,26,32.10,10.79,4.04,9.50,0.43,1.04,3.54,0.29,1.68,2.43,0.69,1.11,6.29,7.39,7.39,1.11,0.46,3.29,1.54,0.51,0.48,4.02,20.79,12.80,36.31,23.72,1.79,1.42,19.55,140.89,5.09,1.14,102.80,108.70,14.78
Jonathan Kuminga,2021,1,G-League,2002,19,6-7,79,13,13,32.80,15.85,5.54,14.31,0.39,1.23,5.00,0.25,2.31,3.69,0.63,1.15,6.00,7.15,2.69,1.00,0.85,2.62,2.08,0.50,0.43,3.90,19.33,11.80,12.42,14.10,1.49,2.31,24.20,125.83,-2.49,1.11,90.00,110.00,11.50
Alperen Şengün,2021,1,Turkey,2002,19,6-10,82,34,31,28.00,18.62,6.74,10.76,0.63,0.21,0.97,0.21,4.94,6.09,0.81,3.76,5.09,8.85,2.71,1.29,1.53,2.47,3.09,0.69,0.64,18.12,23.08,20.67,18.26,15.52,2.54,5.69,26.48,164.94,-2.36,1.73,131.80,107.00,30.30
Usman Garuba,2021,1,Euroleague,2002,19,6-8,80,39,20,16.30,3.92,1.54,3.05,0.50,0.28,1.05,0.27,0.56,0.95,0.60,1.26,2.77,4.03,0.74,0.59,0.69,1.13,1.67,0.57,0.55,10.36,22.50,16.48,7.42,24.54,2.06,4.61,14.06,136.71,-3.88,1.29,102.10,106.30,12.44
Isaiah Todd,2021,1,G-League,2001,20,6-10,82,15,2,24.40,12.33,4.87,11.13,0.44,1.13,3.13,0.36,0.93,1.13,0.82,0.80,4.07,4.87,0.80,0.47,0.73,1.53,2.53,0.53,0.49,3.69,17.49,10.83,5.09,11.65,0.94,2.75,23.21,162.24,-4.09,1.11,95.10,111.90,12.27
Rokas Jokubaitis,2021,1,Euroleague,2000,21,6-4,76,31,5,20.90,6.97,2.65,5.90,0.45,0.61,1.58,0.39,1.00,1.32,0.76,0.42,1.32,1.74,2.52,0.55,0.00,1.52,1.61,0.54,0.50,2.88,8.78,5.89,20.43,18.95,1.52,0.00,19.60,159.19,0.79,1.18,104.00,115.80,10.58
Juhann Begarin,2021,1,France-2,2002,19,6-5,77,33,32,26.80,11.91,4.42,9.64,0.46,1.55,4.24,0.36,1.52,2.36,0.64,0.48,3.00,3.48,3.12,1.36,0.48,2.30,1.70,0.56,0.54,2.36,13.63,8.19,19.26,17.74,2.71,1.74,22.63,146.44,-0.82,1.24,105.60,101.70,15.61
Filip Petrušev,2021,1,ABA,2000,21,6-11,83,21,19,32.00,23.62,8.76,15.14,0.58,1.24,2.95,0.42,4.86,6.57,0.74,1.90,5.67,7.57,1.62,0.48,1.10,2.24,2.52,0.66,0.62,8.03,20.44,14.72,11.23,11.04,0.80,3.26,30.11,173.71,-3.48,1.56,122.20,108.60,27.24
Georgios Kalaitzakis,2021,1,Greece,1999,22,6-7,79,11,3,12.50,3.91,1.09,3.00,0.36,0.36,1.73,0.21,1.36,1.64,0.83,0.18,1.55,1.73,1.18,0.73,0.18,1.18,2.36,0.53,0.42,1.96,14.89,8.79,13.83,24.11,3.26,1.65,18.58,140.75,-3.19,1.30,99.50,94.40,9.48
Killian Hayes,2020,1,Germany,2001,19,6-5,77,20,20,25.00,11.60,4.20,8.45,0.50,0.60,2.75,0.22,2.60,3.05,0.85,0.50,2.60,3.10,5.25,1.35,0.20,3.45,3.00,0.59,0.53,2.61,12.47,7.75,35.59,26.05,2.84,0.86,24.48,156.77,0.20,1.37,106.10,110.20,15.47
Deni Avdija,2020,1,Euroleague,2001,19,6-9,81,26,5,14.30,4.04,1.58,3.62,0.44,0.50,1.81,0.28,0.38,0.69,0.56,0.58,2.04,2.62,1.15,0.38,0.23,0.73,2.00,0.52,0.51,5.09,18.21,11.61,13.03,15.71,1.48,1.82,15.63,126.83,0.26,1.12,104.60,106.60,10.49
Aleksej Pokuševski,2020,1,Greece,2001,19,7-0,84,11,8,23.10,10.82,3.82,9.45,0.40,1.55,4.82,0.32,1.64,2.09,0.78,1.27,6.64,7.91,3.09,1.27,1.82,1.82,1.45,0.52,0.49,6.93,35.72,21.41,24.98,14.91,3.08,8.50,25.91,150.72,1.06,1.14,105.40,84.40,25.09
Leandro Bolmaro,2020,1,Spain,2000,20,6-6,78,9,2,12.90,5.11,1.89,4.22,0.45,0.67,1.44,0.46,0.67,0.78,0.86,0.33,0.67,1.00,1.67,0.67,0.33,1.22,1.89,0.56,0.53,3.75,6.17,5.08,19.46,21.12,2.76,2.89,20.92,176.60,-0.85,1.21,106.90,112.20,13.09
Théo Maledon,2020,1,Euroleague,2001,19,6-5,77,22,12,17.70,7.41,2.59,5.68,0.46,0.82,2.23,0.37,1.41,2.05,0.69,0.18,1.59,1.77,3.14,0.32,0.09,1.86,2.91,0.56,0.53,1.33,13.71,7.03,32.55,22.07,1.03,0.54,23.49,151.22,1.30,1.30,103.70,119.60,12.21
Vít Krejčí,2020,1,Spain,2000,20,6-7,79,23,2,9.10,3.74,1.43,2.35,0.61,0.35,1.00,0.35,0.52,0.74,0.71,0.30,0.87,1.17,0.65,0.26,0.13,0.70,1.87,0.70,0.69,4.12,10.92,7.65,12.07,20.65,1.54,1.56,17.16,166.48,-2.80,1.59,116.90,112.00,13.98
Marko Simonović,2020,1,ABA,1999,21,7-0,84,21,19,29.40,16.24,5.67,11.29,0.50,0.81,2.57,0.32,4.10,5.05,0.81,3.24,4.38,7.62,1.24,1.14,1.14,2.38,3.86,0.60,0.54,12.67,17.75,15.17,8.69,14.99,2.05,3.94,24.10,162.82,-5.05,1.44,115.00,110.10,21.12
Yam Madar,2020,1,Israel,2000,20,6-3,75,32,17,24.40,10.06,3.59,8.09,0.44,0.72,2.69,0.27,2.16,2.66,0.81,0.59,1.81,2.41,3.38,1.00,0.19,2.06,2.12,0.54,0.49,2.66,8.62,5.55,22.92,18.21,2.08,0.77,20.52,152.32,0.76,1.24,102.80,106.80,12.67
Sekou Doumbouya,2019,1,France,2000,19,6-8,80,29,13,19.20,7.69,3.00,6.38,0.47,0.86,2.59,0.33,0.83,1.07,0.77,0.86,2.34,3.21,0.72,0.72,0.52,1.10,2.21,0.56,0.54,5.98,15.41,10.82,6.22,13.87,2.07,2.65,20.15,157.78,-3.23,1.21,104.40,112.20,13.67
Goga Bitadze,2019,1,ABA,1999,20,6-11,83,19,6,20.40,10.37,3.21,5.32,0.60,0.42,1.05,0.40,3.53,5.63,0.63,1.37,3.42,4.79,0.42,0.47,1.26,1.42,3.79,0.67,0.64,8.65,21.75,15.18,3.97,15.42,1.29,7.25,21.77,163.01,-5.64,1.95,118.70,104.60,20.61
Luka Šamanić,2019,1,ABA,2000,19,6-10,82,20,9,15.80,6.35,2.30,4.60,0.50,0.25,1.20,0.21,1.50,2.15,0.70,0.55,3.25,3.80,0.75,0.30,0.25,1.25,1.85,0.57,0.53,4.49,24.50,14.89,9.29,18.39,1.06,1.56,20.59,140.60,-4.80,1.38,102.00,109.70,13.85
Marcos Louzada Silva,2019,1,Brazil,1999,20,6-5,77,33,11,18.90,9.67,3.30,7.27,0.45,1.15,3.15,0.37,1.91,2.55,0.75,0.79,2.06,2.85,0.97,0.58,0.09,1.15,1.91,0.58,0.53,5.43,12.91,9.35,8.79,12.07,1.66,0.50,24.59,156.96,-2.69,1.33,110.10,107.30,16.58
Deividas Sirvydis,2019,1,Lithuania,2000,19,6-8,80,40,16,14.10,4.38,1.43,4.00,0.36,0.93,2.92,0.32,0.60,0.75,0.80,0.50,1.43,1.93,0.90,0.55,0.07,0.47,1.32,0.51,0.47,4.84,13.37,9.17,10.32,9.89,2.21,0.56,16.68,147.25,0.91,1.09,110.90,110.70,10.89
Alen Smailagić,2019,1,G-League,2000,19,6-10,82,47,4,17.40,9.06,3.43,6.91,0.50,0.40,1.66,0.24,1.81,2.74,0.66,2.13,1.87,4.00,0.98,0.87,0.94,1.36,2.32,0.56,0.53,12.95,12.00,12.49,8.58,14.36,2.39,5.01,22.68,139.79,-4.14,1.31,109.30,99.70,18.24
Vanja Marinković,2019,1,ABA,1997,22,6-6,78,23,19,28.10,12.17,3.83,9.52,0.40,1.65,5.04,0.33,2.87,3.83,0.75,0.17,2.17,2.35,1.78,0.61,0.09,1.39,2.61,0.54,0.52,1.39,11.26,6.45,6.65,9.16,1.43,0.77,19.08,148.89,-0.87,1.15,106.80,117.40,10.69
Luka Dončić,2018,1,Euroleague,1999,19,6-7,79,33,17,25.90,16.03,4.73,10.48,0.45,1.73,5.24,0.33,4.85,5.94,0.82,0.82,4.03,4.85,4.30,1.09,0.33,2.30,1.55,0.61,0.53,4.18,19.48,12.04,30.38,14.95,2.34,1.31,28.79,159.67,2.13,1.53,122.00,109.40,22.89
Džanan Musa,2018,1,ABA,1999,19,6-9,81,25,6,23.70,12.48,4.00,8.40,0.48,1.16,3.68,0.32,3.32,4.04,0.82,0.76,2.56,3.32,1.60,1.08,0.08,1.36,1.72,0.61,0.55,4.31,15.29,9.66,12.51,11.79,2.63,0.38,24.48,161.32,-1.29,1.49,119.00,106.20,19.62
Élie Okobo,2018,1,France,1997,21,6-3,75,36,33,26.50,13.81,4.83,9.89,0.49,2.06,4.92,0.42,2.25,2.69,0.84,0.39,2.33,2.72,4.72,0.92,0.19,2.81,2.00,0.62,0.59,1.91,11.66,6.74,31.70,20.21,1.92,0.72,25.39,174.19,1.28,1.40,113.60,112.90,19.01
Isaac Bonga,2018,1,Germany,1999,19,6-8,80,33,11,21.30,6.00,1.76,4.18,0.42,0.36,1.06,0.34,2.12,2.30,0.92,0.73,2.33,3.06,2.30,1.00,0.45,2.15,2.21,0.58,0.46,4.69,15.25,9.93,18.52,29.29,2.67,2.42,17.31,168.42,-2.96,1.43,99.70,107.20,10.99
Rodions Kurucs,2018,1,Spain-2,1998,20,6-9,81,16,4,20.80,10.69,3.81,8.56,0.45,1.19,3.56,0.33,1.88,2.44,0.77,0.75,1.81,2.56,1.50,1.50,0.75,1.94,3.31,0.56,0.52,4.31,9.98,7.20,13.59,16.74,3.92,3.29,26.17,154.78,-4.30,1.25,103.30,102.10,17.22
Issuf Sanon,2018,1,Ukraine,1999,19,6-4,76,13,0,9.60,2.38,1.00,2.77,0.36,0.08,1.23,0.06,0.31,0.69,0.44,0.15,0.54,0.69,1.15,0.77,0.23,0.92,1.54,0.39,0.38,1.88,6.09,4.07,16.69,23.09,3.96,2.43,19.41,86.81,-1.51,0.86,77.30,94.90,6.12
Arnoldas Kulboka,2018,1,Italy,1998,20,6-10,82,29,25,26.00,8.31,2.59,7.07,0.37,1.62,4.41,0.37,1.52,1.86,0.82,0.31,3.17,3.48,0.69,0.90,0.17,1.38,1.10,0.53,0.48,1.48,14.87,8.23,4.67,14.88,1.89,0.66,17.47,154.79,-3.57,1.18,95.40,114.70,9.57
Frank Ntilikina,2017,1,France,1998,19,6-5,77,45,32,19.30,5.38,2.11,4.64,0.46,0.60,1.58,0.38,0.56,0.93,0.60,0.96,1.31,2.27,1.51,0.73,0.20,0.89,2.40,0.53,0.52,6.51,8.70,7.62,13.11,14.95,2.19,1.12,15.18,143.01,0.62,1.16,108.70,105.90,11.88
Terrance Ferguson,2017,1,NBL,1998,19,6-7,79,30,17,15.20,4.63,1.77,4.63,0.38,0.70,2.23,0.31,0.40,0.67,0.60,0.47,0.67,1.13,0.60,0.23,0.27,0.93,1.73,0.47,0.46,3.57,4.54,4.08,5.75,15.93,0.76,1.54,16.20,129.47,-3.33,1.00,92.90,114.60,5.37
Anžejs Pasečņiks,2017,1,Spain,1995,22,7-1,85,35,11,16.50,7.83,3.11,4.74,0.66,0.20,0.34,0.58,1.40,2.26,0.62,1.23,1.89,3.11,0.29,0.37,0.66,0.69,1.89,0.68,0.68,9.80,14.76,12.30,3.08,10.68,1.23,4.25,18.24,186.02,-2.97,1.65,130.40,105.30,20.71
Jonah Bolden,2017,1,ABA,1996,21,6-10,82,25,23,27.70,12.88,4.80,10.16,0.47,1.76,4.20,0.42,1.52,2.60,0.59,2.64,4.60,7.24,1.80,1.04,1.00,2.12,2.96,0.57,0.56,11.55,22.08,16.57,12.66,15.79,1.98,3.82,21.97,147.61,-3.22,1.27,107.60,104.30,19.07
Isaiah Hartenstein,2017,1,Lithuania,1998,19,7-0,84,29,6,12.70,4.72,1.69,3.45,0.49,0.28,0.97,0.29,1.07,1.52,0.71,0.93,2.52,3.45,0.66,0.90,0.55,1.17,2.45,0.57,0.53,10.87,27.75,19.55,7.89,22.17,3.95,5.33,20.62,148.03,-5.94,1.37,102.70,81.60,17.51
Vlatko Čančar,2017,1,ABA,1997,20,6-8,80,21,9,18.60,8.19,2.71,5.81,0.47,1.05,2.57,0.41,1.71,2.00,0.86,0.81,2.05,2.86,1.62,1.00,0.33,1.43,3.57,0.61,0.56,4.99,14.04,9.28,16.05,17.60,2.81,1.78,19.25,173.18,-1.80,1.41,114.00,105.30,16.58
Mathias Lessort,2017,1,France,1995,22,6-9,81,36,34,22.90,10.22,4.11,7.17,0.57,0.06,0.06,1.00,1.94,3.28,0.59,2.97,4.25,7.22,0.67,0.67,1.03,1.78,2.61,0.59,0.58,16.56,23.89,20.21,5.33,17.12,1.66,4.33,22.15,216.69,-5.80,1.43,112.30,102.90,21.88
Aleksandar Vezenkov,2017,1,Euroleague,1995,22,6-9,81,30,6,18.40,7.53,2.73,4.73,0.58,1.13,2.37,0.48,0.93,1.10,0.85,0.83,2.40,3.23,1.13,0.67,0.20,0.63,1.53,0.72,0.70,6.04,16.83,11.52,12.62,10.82,2.10,1.17,16.16,190.48,0.68,1.59,135.50,107.40,20.03
Ognjen Jaramaz,2017,1,ABA,1995,22,6-4,76,25,13,27.00,10.80,3.48,9.84,0.35,1.12,4.56,0.25,2.72,3.72,0.73,0.76,1.92,2.68,3.56,0.96,0.08,1.80,2.40,0.47,0.41,3.30,9.15,6.08,22.59,13.56,1.85,0.30,21.71,133.05,2.04,1.10,102.80,109.80,12.14
Alpha Kaba,2017,1,ABA,1996,21,6-10,82,25,24,24.60,10.88,4.08,8.04,0.51,0.48,1.76,0.27,2.24,3.28,0.68,3.04,4.48,7.52,0.68,1.48,0.76,2.36,2.96,0.57,0.54,14.36,23.62,18.74,5.11,19.93,3.15,3.12,21.34,146.31,-7.46,1.35,104.20,101.80,18.96
Dragan Bender,2016,1,Israel,1997,19,7-1,85,28,3,14.50,5.50,1.93,4.14,0.47,0.86,2.32,0.37,0.79,1.07,0.73,1.04,1.96,3.00,0.75,0.61,0.89,0.61,2.68,0.60,0.57,8.80,16.55,12.69,8.40,11.63,2.21,6.22,16.60,156.81,-0.74,1.33,118.80,96.90,16.82
Georgios Papagiannis,2016,1,Greece,1997,19,7-2,86,22,5,12.00,6.82,3.00,4.41,0.68,0.00,0.00,0.00,0.82,1.23,0.67,1.23,1.64,2.86,0.50,0.23,0.73,0.73,1.95,0.69,0.68,13.78,16.42,15.17,8.56,12.81,1.05,6.48,22.71,134.71,-3.24,1.55,125.10,93.10,26.56
Juancho Hernangómez,2016,1,Spain,1995,21,6-9,81,34,22,23.70,9.68,3.15,6.91,0.46,1.00,2.79,0.36,2.38,3.32,0.72,1.71,4.03,5.74,0.56,0.82,0.26,1.35,1.29,0.58,0.53,9.00,23.47,15.88,4.39,13.91,1.93,1.23,19.77,153.00,-4.11,1.40,110.50,110.50,16.56
Guerschon Yabusele,2016,1,France,1995,21,6-8,80,34,17,28.70,11.50,4.26,7.91,0.54,0.76,1.79,0.43,2.21,2.88,0.77,2.56,4.26,6.82,1.06,1.09,0.44,1.62,2.47,0.63,0.59,11.45,19.43,15.40,7.25,14.98,2.14,1.56,18.92,173.06,-3.13,1.45,117.60,116.30,18.77
Ante Žižić,2016,1,ABA,1997,19,6-11,83,22,14,25.50,12.91,4.55,7.18,0.63,0.00,0.00,0.00,3.82,5.45,0.70,2.55,5.27,7.82,0.41,0.14,1.36,2.27,2.41,0.67,0.63,12.68,24.30,18.72,3.58,19.17,0.30,5.48,22.80,133.29,-7.86,1.80,115.40,102.20,24.28
Timothé Luwawu-Cabarrot,2016,1,ABA,1995,21,6-7,79,28,28,31.10,14.64,4.86,12.21,0.40,2.07,5.57,0.37,2.86,4.14,0.69,1.07,3.71,4.79,2.75,1.68,0.36,2.93,3.75,0.52,0.48,3.68,14.29,8.68,16.36,17.26,2.86,1.42,23.90,145.91,-3.35,1.20,101.50,97.40,16.41
Furkan Korkmaz,2016,1,Turkey,1997,19,6-7,79,37,5,13.00,5.08,1.97,4.14,0.48,0.81,2.08,0.39,0.32,0.51,0.63,0.41,0.95,1.35,0.70,0.27,0.05,0.46,1.46,0.58,0.58,3.97,9.37,6.65,8.67,9.53,1.16,0.44,17.84,149.83,0.07,1.23,117.50,109.70,12.49
Ivica Zubac,2016,1,Serbia,1997,19,7-0,84,13,9,22.50,10.92,4.69,9.38,0.50,0.00,0.00,0.00,1.54,1.92,0.80,1.92,3.15,5.08,0.85,0.77,1.46,1.46,2.92,0.53,0.50,10.35,17.10,13.71,6.37,12.50,1.76,7.01,22.85,130.00,-3.74,1.16,106.00,100.60,18.16
Rade Zagorac,2016,1,ABA,1995,21,6-9,81,13,6,29.40,13.08,4.23,9.38,0.45,0.77,2.77,0.28,3.85,4.62,0.83,1.77,4.08,5.85,2.38,1.69,0.23,2.69,2.85,0.57,0.49,6.87,16.14,11.46,15.17,19.08,2.99,0.93,21.20,156.19,-3.52,1.39,108.50,99.60,18.79
David Michineau,2016,1,France,1994,22,6-4,76,36,1,13.60,5.67,2.25,5.22,0.43,0.42,1.33,0.31,0.75,1.11,0.68,0.47,0.44,0.92,1.53,0.53,0.00,0.92,1.83,0.50,0.47,4.36,4.23,4.29,18.34,13.83,2.17,0.00,23.09,141.84,0.72,1.09,104.20,117.90,12.09
Zhou Qi,2016,1,China,1996,20,7-1,85,42,40,34.20,15.81,5.45,9.05,0.60,0.21,0.36,0.60,4.69,6.19,0.76,2.93,6.83,9.76,1.52,1.12,3.19,1.69,2.64,0.67,0.61,10.80,24.26,17.66,6.55,12.56,1.73,8.26,18.20,196.03,-2.00,1.75,134.60,106.30,22.11
Isaia Cordinier,2016,1,France-2,1996,20,6-5,77,32,18,23.40,10.84,3.53,7.62,0.46,1.25,3.09,0.40,2.53,3.25,0.78,0.72,2.91,3.62,2.00,1.19,0.53,2.38,3.06,0.60,0.55,3.79,15.24,9.53,17.85,20.78,2.84,2.04,23.98,164.60,-4.54,1.42,105.00,103.80,17.41
Paul Zipser,2016,1,Germany,1994,22,6-8,80,40,8,18.20,7.08,2.23,4.50,0.49,0.85,1.95,0.44,1.77,2.20,0.81,0.65,2.95,3.60,1.40,0.45,0.38,0.85,2.40,0.65,0.59,4.90,20.34,12.96,12.24,13.45,1.33,2.17,16.60,173.72,0.45,1.57,125.60,105.80,16.29
Petr Cornelie,2016,1,France,1995,21,6-11,83,39,8,19.10,8.77,3.36,6.46,0.52,0.85,2.15,0.39,1.21,1.82,0.66,1.64,3.49,5.13,0.28,0.31,0.44,0.95,2.59,0.60,0.59,10.44,22.58,16.45,2.90,11.55,0.94,2.32,21.11,157.47,-4.08,1.36,120.00,106.30,19.75
Wang Zhelin,2016,1,China,1994,22,7-0,84,8,6,23.70,11.25,4.50,9.12,0.49,0.00,0.25,0.00,2.25,3.38,0.67,2.62,4.12,6.75,1.25,0.00,0.50,1.88,2.75,0.53,0.49,14.41,21.70,18.13,8.44,15.02,0.00,1.87,24.77,115.98,-4.69,1.23,111.70,121.80,15.12
Kristaps Porziņģis,2015,1,Spain,1995,20,7-3,87,34,24,21.70,10.71,4.03,8.56,0.47,0.74,2.35,0.31,1.91,2.47,0.77,1.62,3.21,4.82,0.44,0.88,0.97,1.32,2.88,0.56,0.51,9.60,18.49,14.11,4.20,12.07,2.28,4.79,24.46,155.71,-4.71,1.25,109.20,108.40,19.23
Mario Hezonja,2015,1,Euroleague,1995,20,6-8,80,22,2,16.50,7.68,2.77,6.00,0.46,1.32,3.45,0.38,0.82,1.09,0.75,0.50,1.50,2.00,1.00,0.59,0.18,0.95,1.82,0.59,0.57,4.02,11.23,7.76,10.93,12.84,2.02,1.02,22.05,159.37,-1.75,1.28,111.60,104.60,15.86
Emmanuel Mudiay,2015,1,China,1996,19,6-5,77,12,0,31.50,18.00,7.33,15.33,0.48,1.08,3.17,0.34,2.25,3.92,0.57,2.00,4.25,6.25,5.92,1.58,0.08,3.25,1.58,0.53,0.51,7.73,17.04,12.30,31.84,16.00,2.65,0.24,29.09,139.48,2.23,1.17,110.10,111.30,17.88
Nikola Milutinov,2015,1,ABA,1994,21,7-0,84,29,20,28.00,9.79,3.79,6.62,0.57,0.00,0.03,0.00,2.21,3.76,0.59,3.59,4.00,7.59,1.34,0.41,0.83,1.34,2.76,0.59,0.57,15.54,17.76,16.63,9.12,13.98,0.85,3.03,16.55,116.01,-1.64,1.48,120.60,101.40,19.98
Cedi Osman,2015,1,Euroleague,1995,20,6-7,79,35,34,18.60,7.11,2.51,6.14,0.41,1.03,3.03,0.34,1.06,1.34,0.79,0.83,1.94,2.77,0.74,0.60,0.09,0.54,1.80,0.53,0.49,5.18,13.85,9.24,6.63,7.46,1.79,0.46,18.24,153.62,-0.25,1.16,112.10,113.00,13.02
Willy Hernangómez,2015,1,Spain,1994,21,6-11,83,34,20,21.10,10.62,4.24,7.88,0.54,0.03,0.18,0.17,2.12,3.06,0.69,2.41,3.79,6.21,0.53,0.91,0.41,2.06,2.15,0.58,0.54,14.69,22.46,18.63,5.34,18.24,2.41,2.09,25.84,139.63,-8.02,1.35,105.10,108.20,20.25
Juan Pablo Vaulet,2015,1,Argentina,1996,19,6-6,78,34,5,17.30,7.24,2.82,5.59,0.51,0.06,0.59,0.10,1.53,2.29,0.67,1.53,2.62,4.15,0.82,0.50,0.44,1.26,1.74,0.55,0.51,9.68,19.07,14.04,8.65,16.09,1.53,2.84,20.82,127.19,-4.09,1.29,105.80,101.10,17.62
Artūras Gudaitis,2015,1,Euroleague,1993,22,6-10,82,20,4,15.40,6.50,2.15,4.25,0.51,0.10,0.25,0.40,2.10,3.40,0.62,1.85,2.15,4.00,0.25,0.15,0.90,0.75,2.05,0.57,0.52,15.75,16.90,16.35,3.20,11.55,0.55,5.33,20.65,152.35,-3.82,1.53,115.00,104.90,18.87
Marcus Eriksson,2015,1,Spain,1993,22,6-7,79,33,18,23.90,11.18,3.82,9.33,0.41,2.09,5.58,0.38,1.45,1.55,0.94,0.36,1.45,1.82,0.79,0.42,0.15,0.91,1.70,0.56,0.52,1.85,8.01,4.81,6.56,8.32,1.00,0.62,21.92,172.53,-1.60,1.20,114.50,121.00,14.02
Dani Diez,2015,1,Spain,1993,22,6-8,80,30,28,29.60,12.13,4.37,9.10,0.48,1.93,4.67,0.41,1.47,2.03,0.72,1.13,5.70,6.83,0.53,1.03,0.03,1.17,1.07,0.61,0.59,4.90,23.97,14.57,3.63,10.45,2.00,0.11,19.06,161.55,-2.77,1.33,112.90,106.50,17.27
Nikola Radičević,2015,1,Spain,1994,21,6-5,77,33,17,20.60,7.00,2.64,6.79,0.39,0.58,2.21,0.26,1.15,1.76,0.66,0.24,2.15,2.39,2.91,0.67,0.00,1.64,1.79,0.46,0.43,1.51,13.01,7.34,26.06,17.79,1.81,0.00,21.65,130.38,1.46,1.03,95.10,114.40,10.62
Dimitrios Agravanis,2015,1,Euroleague,1994,21,6-10,82,20,2,12.50,4.05,1.70,4.00,0.43,0.40,1.70,0.24,0.25,0.60,0.42,0.90,1.80,2.70,0.40,0.25,0.35,0.25,2.75,0.48,0.48,9.43,17.45,13.60,6.23,5.54,1.16,2.98,18.50,107.70,0.14,1.01,102.40,101.80,11.49
Luka Mitrović,2015,1,Euroleague,1993,22,6-8,80,24,20,24.70,8.62,3.42,7.96,0.43,0.46,2.62,0.18,1.33,1.71,0.78,1.67,3.54,5.21,2.33,1.04,0.21,1.62,2.42,0.50,0.46,8.02,17.12,12.56,17.34,15.72,2.34,0.82,19.47,138.44,-0.28,1.08,102.00,100.70,13.84
Dario Šarić,2014,1,ABA,1994,20,6-10,82,28,28,32.90,16.68,5.86,11.64,0.50,1.07,3.11,0.35,3.89,5.71,0.68,2.25,7.46,9.71,3.21,1.29,0.64,3.43,3.14,0.59,0.55,9.86,24.90,18.40,19.73,19.50,2.24,2.02,27.20,152.91,-3.89,1.43,107.90,96.60,22.71
Jusuf Nurkić,2014,1,ABA,1994,20,7-0,84,28,1,16.60,11.68,3.82,7.07,0.54,0.04,0.25,0.14,3.93,5.61,0.70,2.71,2.96,5.68,0.71,1.07,0.82,1.64,3.18,0.61,0.54,20.52,22.61,21.56,9.83,14.69,3.77,6.14,32.99,138.39,-7.09,1.65,117.50,91.20,34.58
Bruno Caboclo,2014,1,Brazil,1995,19,6-9,81,17,5,13.20,4.76,1.53,3.29,0.46,0.41,1.35,0.30,1.29,1.76,0.73,0.71,2.35,3.06,0.18,0.41,0.82,1.24,1.06,0.59,0.53,7.66,21.25,15.07,2.22,23.28,1.65,6.34,19.26,150.20,-8.15,1.45,97.40,104.40,12.95
Clint Capela,2014,1,France,1994,20,6-10,82,33,23,22.00,9.39,4.00,6.33,0.63,0.00,0.03,0.00,1.39,2.39,0.58,2.36,4.55,6.91,1.24,0.82,1.52,1.52,2.30,0.64,0.63,14.07,26.18,20.23,10.00,17.02,2.08,7.22,19.27,121.39,-3.02,1.48,119.90,102.10,23.83
PJ Hairston,2014,1,G-League,1992,22,6-6,78,26,15,32.30,21.77,7.04,15.54,0.45,2.81,7.85,0.36,4.88,5.62,0.87,1.23,2.23,3.46,0.81,1.50,0.38,1.77,2.73,0.60,0.54,4.09,7.23,5.68,3.90,8.95,2.19,0.96,25.13,168.07,-3.78,1.40,118.40,115.60,18.27
Bogdan Bogdanović,2014,1,Euroleague,1993,21,6-6,78,23,18,31.40,14.78,5.09,12.91,0.39,2.17,5.87,0.37,2.26,3.00,0.75,0.74,2.96,3.70,3.65,1.57,0.22,3.39,2.61,0.52,0.48,3.16,12.43,7.83,24.57,19.24,2.95,0.81,28.02,151.79,-3.13,1.14,99.40,110.20,15.49
Damien Inglis,2014,1,France,1995,19,6-8,80,27,8,15.30,4.56,1.67,3.37,0.50,0.44,1.15,0.39,0.78,1.07,0.72,0.67,2.89,3.56,1.00,0.59,0.15,1.19,1.19,0.59,0.56,5.84,23.91,15.14,12.51,23.57,2.28,1.07,17.25,160.57,-3.45,1.35,101.40,104.20,14.35
Nikola Jokić,2014,1,ABA,1995,19,7-0,84,24,23,30.50,15.42,6.00,11.92,0.50,1.50,4.33,0.35,1.92,2.88,0.67,2.46,6.79,9.25,3.50,1.54,0.92,2.29,3.17,0.59,0.57,9.14,24.32,16.88,20.31,14.81,2.63,2.87,22.69,151.63,0.13,1.29,114.60,100.50,24.02
Walter Tavares,2014,1,Spain,1992,22,7-3,87,35,17,21.20,6.03,2.46,4.20,0.59,0.00,0.06,0.00,1.11,1.54,0.72,2.26,4.51,6.77,0.26,0.54,1.51,0.80,2.69,0.62,0.59,13.91,25.11,19.80,2.19,14.09,1.48,7.34,13.39,130.73,-3.06,1.44,122.60,95.70,18.33
Thanasis Antetokounmpo,2014,1,G-League,1992,22,6-7,79,50,42,29.30,12.02,4.28,9.10,0.47,1.10,3.56,0.31,2.36,3.56,0.66,1.66,2.60,4.26,2.12,1.16,1.30,2.30,2.94,0.56,0.53,6.04,9.41,7.73,10.56,17.74,1.82,3.38,17.88,144.22,-2.91,1.32,105.30,111.40,12.94
Vasilije Micić,2014,1,ABA,1994,20,6-5,77,26,24,30.10,11.62,4.15,9.04,0.46,0.85,2.92,0.29,2.31,3.31,0.70,0.65,2.38,3.04,5.62,1.69,0.00,3.50,2.96,0.55,0.51,2.74,9.20,6.10,32.43,25.01,3.08,0.00,21.48,144.67,0.76,1.29,101.20,110.80,15.08
Alessandro Gentile,2014,1,Euroleague,1992,22,6-6,78,21,16,25.00,11.43,4.24,9.57,0.44,1.00,3.00,0.33,1.95,3.05,0.64,0.57,1.86,2.43,2.33,0.81,0.10,2.00,2.43,0.52,0.50,2.91,10.04,6.37,18.78,15.49,1.87,0.40,25.55,141.67,-1.77,1.19,101.50,108.80,14.45
Nemanja Dangubić,2014,1,ABA,1993,21,6-9,81,26,26,25.20,9.58,3.62,8.08,0.45,0.88,3.00,0.30,1.31,2.00,0.65,0.81,2.73,3.54,2.00,0.81,0.15,1.85,3.23,0.54,0.50,4.04,12.55,8.47,13.89,17.09,1.75,0.62,19.76,139.63,-1.92,1.19,100.50,112.10,12.15
Louis Labeyrie,2014,1,France,1992,22,6-10,82,24,2,12.90,6.08,2.33,3.67,0.64,0.58,1.04,0.56,0.83,1.21,0.69,1.42,2.25,3.67,0.25,0.33,0.54,0.42,1.62,0.72,0.72,13.56,23.43,18.29,4.07,9.03,1.50,4.91,17.80,188.60,-1.94,1.66,138.70,104.10,25.58
Lucas Nogueira,2013,1,Spain,1992,21,7-0,84,34,5,13.60,5.41,2.24,3.38,0.66,0.00,0.00,0.00,0.94,1.41,0.67,1.68,1.76,3.44,0.26,0.47,1.12,0.56,1.82,0.68,0.66,15.54,16.67,16.10,3.51,12.25,1.94,9.12,16.04,132.75,-2.79,1.60,133.00,106.90,23.16
Dennis Schröder,2013,1,Germany,1993,20,6-3,75,32,14,25.30,12.00,4.03,9.56,0.42,1.31,3.28,0.40,2.62,3.16,0.83,0.69,1.81,2.50,3.19,0.91,0.03,2.53,1.94,0.55,0.49,3.48,9.66,6.49,25.90,18.77,2.10,0.13,27.16,165.33,-1.69,1.25,104.60,112.80,16.77
Sergey Karasev,2013,1,Russia,1993,20,6-7,79,23,17,29.50,13.74,4.26,9.83,0.43,1.48,5.00,0.30,3.91,4.83,0.81,0.70,2.87,3.57,2.43,0.91,0.35,2.09,2.61,0.58,0.51,3.03,13.33,8.01,14.96,14.87,1.69,1.16,22.46,154.01,-1.55,1.40,111.70,109.40,16.81
Rudy Gobert,2013,1,France,1992,21,7-1,85,27,19,22.70,8.44,3.30,4.59,0.72,0.00,0.11,0.00,1.85,2.63,0.70,2.11,3.26,5.37,0.41,0.67,1.78,1.52,2.15,0.73,0.72,11.81,18.79,15.25,3.28,20.89,1.66,7.41,16.01,142.20,-5.41,1.84,123.40,102.20,20.95
Livio Jean-Charles,2013,1,France,1993,20,6-9,81,29,15,13.80,3.31,1.38,2.55,0.54,0.21,0.48,0.43,0.34,0.59,0.59,1.03,1.66,2.69,0.52,0.48,0.14,0.62,1.10,0.59,0.58,10.79,15.64,13.34,6.41,18.09,2.05,1.05,12.87,155.73,-2.03,1.30,112.30,106.80,12.86
Glen Rice Jr,2013,1,G-League,1991,22,6-6,78,42,25,23.70,13.02,4.52,9.21,0.49,1.60,4.14,0.39,2.38,3.17,0.75,1.83,4.40,6.24,1.86,0.88,0.74,1.64,2.02,0.61,0.58,8.39,18.60,13.70,11.58,13.41,1.75,2.29,21.08,162.79,-1.63,1.41,120.70,103.00,20.47
Nemanja Nedović,2013,1,Lithuania,1991,22,6-3,75,18,14,21.30,11.11,3.89,7.83,0.50,1.28,3.28,0.39,2.06,2.61,0.79,0.28,2.11,2.39,3.83,1.17,0.22,1.72,1.89,0.62,0.58,1.63,13.83,7.40,32.36,16.09,3.04,1.17,23.69,167.35,4.06,1.42,121.80,100.20,23.61
Álex Abrines,2013,1,Euroleague,1993,20,6-6,78,15,1,11.20,5.13,1.67,3.73,0.45,0.73,2.27,0.32,1.07,1.07,1.00,0.27,0.80,1.07,0.33,0.40,0.07,0.53,1.33,0.61,0.55,3.52,8.89,6.43,5.53,11.26,2.09,0.61,21.83,177.00,-2.86,1.38,118.60,96.50,0.00
Marko Todorović,2013,1,Euroleague,1992,21,6-10,82,19,0,7.40,2.32,0.79,1.58,0.50,0.05,0.26,0.20,0.68,1.16,0.59,0.95,1.11,2.05,0.37,0.26,0.53,0.68,0.89,0.55,0.52,19.30,17.83,18.48,7.80,24.68,2.01,6.43,18.81,129.09,-5.88,1.47,104.30,90.20,0.00
Raul Neto,2013,1,Spain,1992,21,6-1,73,34,21,24.50,8.53,3.09,6.71,0.46,0.68,1.74,0.39,1.68,2.12,0.79,0.44,1.91,2.35,2.91,1.03,0.09,1.79,2.50,0.56,0.51,2.25,11.25,6.43,22.38,19.02,2.34,0.37,18.50,164.20,0.59,1.27,107.80,112.70,13.36
Joffrey Lauvergne,2013,1,ABA,1991,22,6-11,83,13,5,14.40,5.15,1.92,3.69,0.52,0.08,0.54,0.14,1.23,1.85,0.67,1.00,2.38,3.38,0.62,0.38,0.15,1.23,1.62,0.57,0.53,9.35,21.63,15.58,8.67,21.46,1.58,1.25,20.15,133.04,-5.94,1.40,102.90,99.00,15.98
Bojan Dubljević,2013,1,Spain,1991,22,6-9,81,36,22,20.40,12.14,4.36,8.14,0.54,1.00,2.11,0.47,2.42,2.89,0.84,1.39,2.28,3.67,0.53,0.64,0.28,2.14,2.64,0.65,0.60,9.61,15.69,12.65,5.05,18.52,1.73,1.43,27.24,184.61,-8.64,1.49,112.50,106.50,19.39
Jānis Timma,2013,1,Latvia,1992,21,6-7,79,24,13,24.30,12.83,4.33,7.92,0.55,1.33,3.12,0.43,2.83,3.54,0.80,1.33,4.08,5.42,2.79,1.08,0.12,1.50,2.58,0.68,0.63,7.79,19.18,14.11,19.39,13.67,2.48,0.53,21.85,177.40,1.57,1.62,132.30,91.80,25.67
Evan Fournier,2012,1,France,1992,20,6-7,79,30,18,26.00,14.03,4.90,11.53,0.43,1.27,4.57,0.28,2.97,3.93,0.75,1.13,2.07,3.20,2.20,1.50,0.13,2.17,3.10,0.53,0.48,5.20,10.61,7.75,17.92,14.04,3.29,0.55,28.53,145.65,-2.74,1.22,104.40,108.50,17.59
Tomáš Satoranský,2012,1,Spain,1991,21,6-7,79,36,9,17.20,4.81,1.78,4.14,0.43,0.33,1.22,0.27,0.92,1.31,0.70,0.61,1.50,2.11,1.33,0.53,0.08,1.33,2.08,0.51,0.47,4.46,11.99,8.05,14.21,22.05,1.79,0.54,17.16,140.44,-2.65,1.16,97.00,106.40,9.95
Kostas Papanikolaou,2012,1,Euroleague,1990,22,6-8,80,22,13,19.80,6.09,2.23,4.55,0.49,0.64,1.91,0.33,1.00,1.45,0.69,1.00,2.41,3.41,0.64,0.50,0.32,0.55,1.55,0.59,0.56,6.72,17.19,11.79,5.98,9.52,1.44,1.56,14.20,151.08,-0.61,1.34,122.00,105.60,0.00
İzzet Türkyılmaz,2012,1,Turkey,1990,22,7-0,84,27,3,8.80,2.04,0.78,2.04,0.38,0.07,0.44,0.17,0.41,0.78,0.52,0.56,1.33,1.89,0.33,0.26,0.81,0.48,1.07,0.43,0.40,9.10,18.45,14.17,5.59,16.83,1.70,9.06,16.42,107.23,-3.00,1.00,90.60,101.30,11.19
Ognjen Kuzmić,2012,1,Spain-2,1990,22,7-1,85,34,33,25.00,10.44,4.38,8.21,0.53,0.00,0.03,0.00,1.68,2.50,0.67,3.38,5.18,8.56,0.71,0.68,2.09,2.18,2.50,0.56,0.53,17.26,26.69,21.95,6.57,18.95,1.55,7.53,22.12,120.46,-7.00,1.27,105.90,98.60,22.89
Furkan Aldemir,2012,1,Turkey,1991,21,6-10,82,34,25,20.80,8.12,3.03,4.97,0.61,0.00,0.00,0.00,2.06,3.32,0.62,2.12,4.53,6.65,0.71,0.47,0.88,0.88,2.53,0.63,0.61,13.99,28.30,21.34,5.81,12.06,1.31,4.56,17.65,122.89,-2.02,1.63,126.00,100.10,20.49
Tornike Shengelia,2012,1,Belgium,1991,21,6-9,81,29,24,18.40,8.76,3.24,7.21,0.45,0.41,1.48,0.28,1.86,2.97,0.63,1.38,3.41,4.79,1.10,1.10,0.34,1.79,2.79,0.52,0.48,9.31,23.43,16.31,12.08,17.40,3.18,1.78,27.12,135.67,-5.54,1.22,97.90,98.50,17.82
Tomislav Zubčić,2012,1,ABA,1990,22,6-10,82,22,9,17.30,7.91,2.41,5.73,0.42,0.82,2.59,0.32,2.27,2.91,0.78,1.18,2.45,3.64,1.00,1.23,0.09,1.59,2.41,0.56,0.49,9.16,19.02,14.09,10.69,18.50,4.04,0.61,24.97,151.77,-5.26,1.38,107.00,105.30,17.81
İlkan Karaman,2012,1,Turkey,1990,22,6-8,80,32,24,23.20,10.66,4.25,8.91,0.48,0.69,2.28,0.30,1.47,2.69,0.55,1.47,4.97,6.44,1.09,0.81,0.84,1.44,2.50,0.53,0.52,8.28,26.24,17.55,8.12,12.47,1.91,3.47,23.62,132.51,-2.95,1.20,105.00,103.90,17.31
Jonas Valančiūnas,2011,1,Euroleague,1992,19,7-0,84,15,5,15.40,7.67,3.07,4.33,0.71,0.00,0.00,0.00,1.53,1.73,0.89,1.80,4.00,5.80,0.20,0.20,0.67,1.40,3.07,0.75,0.71,15.38,34.10,24.75,2.66,21.55,0.73,4.20,20.75,159.23,-8.14,1.77,123.50,104.90,25.18
Jan Veselý,2011,1,Euroleague,1990,21,6-11,83,15,12,27.00,10.13,3.93,7.33,0.54,0.67,1.87,0.36,1.60,3.60,0.44,1.80,1.80,3.60,1.07,1.27,0.87,1.60,3.00,0.57,0.58,8.03,9.11,8.54,9.20,15.21,2.67,3.33,18.98,133.80,-3.31,1.38,106.60,101.70,16.71
Donatas Motiejūnas,2011,1,Italy,1990,21,7-0,84,37,34,25.60,12.81,4.49,8.54,0.53,0.65,1.51,0.43,3.19,4.46,0.72,1.73,2.62,4.35,0.89,1.22,0.41,2.08,2.54,0.59,0.54,12.83,17.31,15.06,5.67,21.25,3.12,1.32,23.18,159.79,-8.15,1.46,106.30,110.10,16.73
Nikola Mirotić,2011,1,Euroleague,1991,20,6-10,82,19,2,14.80,6.58,2.37,4.84,0.49,0.58,1.53,0.38,1.26,1.47,0.86,1.05,2.32,3.37,0.58,0.37,0.53,0.58,1.32,0.60,0.55,9.04,19.96,14.49,7.94,9.54,1.47,3.64,20.13,172.56,-1.36,1.36,126.30,99.90,22.65
Bojan Bogdanović,2011,1,Euroleague,1989,22,6-8,80,10,10,35.50,18.00,6.20,15.10,0.41,1.70,5.50,0.31,3.90,5.10,0.77,1.50,2.00,3.50,1.80,1.70,0.20,3.30,2.10,0.52,0.47,5.20,7.85,6.44,11.45,15.99,2.67,0.51,28.99,148.44,-5.82,1.19,97.90,118.50,16.73
Latavious Williams,2011,1,G-League,1989,22,6-8,80,42,26,26.20,12.86,5.36,8.38,0.64,0.00,0.02,0.00,2.14,2.95,0.73,3.12,5.24,8.36,0.48,0.57,0.95,1.21,2.36,0.66,0.64,13.77,23.26,18.50,3.13,11.15,1.09,2.86,18.11,136.50,-3.46,1.53,128.80,100.90,21.96
Dāvis Bertāns,2011,1,Serbia,1992,19,6-10,82,18,17,11.40,4.83,1.67,2.94,0.57,0.89,1.78,0.50,0.61,0.78,0.79,0.56,1.33,1.89,0.78,0.44,0.50,0.72,1.61,0.74,0.72,6.75,15.46,11.21,12.60,18.02,2.16,4.64,16.87,185.18,-1.79,1.64,128.30,98.50,19.11
Milan Mačvan,2011,1,Euroleague,1989,22,6-9,81,12,1,9.00,3.50,1.17,2.67,0.44,0.08,0.42,0.20,1.08,1.33,0.81,0.67,1.00,1.67,0.42,0.17,0.25,0.67,0.83,0.54,0.45,9.87,13.51,11.77,6.95,17.01,1.05,2.95,21.17,145.00,-4.25,1.31,106.40,104.10,15.33
Kevin Séraphin,2010,1,France,1989,21,6-10,82,32,15,15.30,6.03,2.62,5.03,0.52,0.00,0.00,0.00,0.78,1.41,0.56,1.91,2.31,4.22,0.53,0.19,0.88,1.00,1.84,0.53,0.52,15.35,20.14,17.65,6.69,15.04,0.71,5.54,21.10,107.73,-4.35,1.20,107.20,101.50,17.57
Tibor Pleiß,2010,1,Germany,1989,21,7-3,87,45,35,19.30,8.00,2.93,5.20,0.56,0.09,0.20,0.44,2.04,2.89,0.71,1.56,4.33,5.89,0.27,0.18,1.27,1.16,2.29,0.62,0.57,11.17,29.18,20.46,2.76,15.15,0.53,7.20,20.43,171.62,-5.11,1.54,115.40,97.50,20.61
Nemanja Bjelica,2010,1,ABA,1988,22,6-10,82,12,5,23.30,8.50,3.08,7.67,0.40,0.67,2.83,0.24,1.67,2.50,0.67,1.92,3.92,5.83,2.00,1.00,0.25,1.67,2.17,0.49,0.45,10.67,22.59,16.52,14.57,15.97,2.46,1.05,21.82,130.41,-1.43,1.11,105.00,102.20,16.07
Paulão Prestes,2010,1,Spain,1988,22,6-11,83,28,22,24.10,9.21,4.00,6.96,0.57,0.00,0.00,0.00,1.21,1.75,0.69,2.96,4.32,7.29,0.46,0.75,0.07,1.36,2.25,0.60,0.57,16.06,24.29,20.10,4.14,14.93,1.72,0.33,18.08,126.82,-4.24,1.32,117.30,110.90,19.02
Pape Sy,2010,1,France,1988,22,6-7,79,30,1,14.20,5.17,1.57,3.10,0.51,0.40,0.97,0.41,1.63,2.30,0.71,0.33,1.37,1.70,1.33,0.63,0.07,1.17,1.87,0.63,0.57,2.74,11.94,7.19,16.34,22.10,2.44,0.44,17.69,162.93,-1.92,1.67,110.00,111.30,13.73
Mike Taylor,2008,1,G-League,1986,22,6-2,74,39,8,27.80,14.51,5.23,10.85,0.48,1.21,3.56,0.34,2.85,4.03,0.71,0.95,2.54,3.49,4.31,1.26,0.23,3.44,2.36,0.58,0.54,3.91,10.02,7.03,25.55,21.40,2.35,0.63,25.80,152.74,-2.10,1.34,104.00,107.10,15.85
Ricky Rubio,2009,1,Spain,1990,19,6-3,75,25,18,22.70,9.76,2.72,6.80,0.40,1.00,2.40,0.42,3.32,4.12,0.81,0.76,1.96,2.72,5.84,2.20,0.32,3.08,2.36,0.57,0.47,4.24,11.33,7.73,43.73,26.34,5.38,1.54,24.56,162.25,3.55,1.44,109.70,101.80,20.92
Víctor Claver,2009,1,Spain,1988,21,6-10,82,18,12,22.90,7.61,2.56,5.28,0.48,0.94,2.56,0.37,1.56,2.22,0.70,0.89,3.61,4.50,0.61,1.17,0.61,1.33,2.11,0.61,0.57,5.19,22.32,13.51,4.77,17.57,2.92,3.17,16.11,155.38,-4.12,1.44,112.10,103.40,15.53
Omri Casspi,2009,1,Euroleague,1988,21,6-9,81,16,8,17.50,8.75,3.25,6.44,0.51,0.56,1.25,0.45,1.69,2.19,0.77,1.06,2.06,3.12,0.44,0.81,0.19,1.12,2.38,0.59,0.55,8.40,14.68,11.71,4.70,13.20,2.64,1.22,23.92,172.63,-4.68,1.36,113.10,112.40,18.62
Rodrigue Beaubois,2009,1,France,1988,21,6-1,73,29,12,22.30,10.00,3.97,8.38,0.47,1.34,4.24,0.32,0.72,1.24,0.58,0.38,2.14,2.52,2.34,1.10,0.45,1.93,2.86,0.56,0.55,2.00,12.12,6.87,18.51,17.79,2.75,2.03,22.69,137.37,-1.63,1.19,105.00,105.20,15.58
Sergio Llull,2009,1,Euroleague,1987,22,6-3,75,19,4,19.00,6.95,2.32,4.95,0.47,1.00,2.63,0.38,1.32,1.42,0.93,0.42,0.63,1.05,2.21,0.47,0.21,0.79,2.26,0.62,0.57,2.99,4.86,3.88,21.71,12.41,1.48,1.36,16.45,177.40,3.70,1.40,132.50,115.90,16.04
Jonas Jerebko,2009,1,Italy,1987,22,6-10,82,39,39,25.50,9.21,3.56,7.03,0.51,0.74,2.10,0.35,1.33,1.77,0.75,2.08,3.38,5.46,0.62,1.23,0.36,1.23,2.56,0.59,0.56,10.55,17.13,13.84,4.19,13.62,2.60,1.53,16.48,161.46,-3.16,1.31,118.20,109.30,15.49
Henk Norel,2009,1,Spain,1987,22,7-0,84,24,3,12.40,5.54,2.17,3.79,0.57,0.04,0.21,0.20,1.17,1.71,0.68,1.04,1.71,2.75,0.46,0.21,0.33,0.83,2.38,0.61,0.58,11.05,18.46,14.72,6.81,15.50,0.94,3.09,20.75,145.44,-4.22,1.46,114.70,109.30,16.47
Nando de Colo,2009,1,France,1987,22,6-5,77,27,24,28.20,14.67,4.96,11.19,0.44,1.63,4.63,0.35,3.11,3.56,0.88,0.52,3.04,3.56,3.30,1.00,0.07,2.44,2.78,0.58,0.52,2.18,13.62,7.72,20.15,16.09,1.95,0.27,24.98,167.07,-0.86,1.31,112.30,106.90,17.71
Emir Preldžić,2009,1,Euroleague,1987,22,6-9,81,16,7,22.60,7.31,2.38,6.62,0.36,0.75,3.06,0.25,1.81,2.25,0.81,1.25,2.50,3.75,2.50,1.12,0.25,2.12,2.69,0.48,0.42,7.21,15.09,11.06,22.06,21.82,2.89,1.15,21.58,140.89,-2.05,1.10,96.10,105.10,12.34
Michael Foster Jr,2022,0,G-League,2003,19,6-8,80,28,27,30.50,15.61,6.07,13.11,0.46,0.32,1.43,0.23,1.79,2.32,0.77,2.21,7.39,9.61,2.25,0.75,1.93,2.61,1.86,0.55,0.48,7.80,26.91,17.20,11.92,15.58,1.22,6.07,23.93,145.74,-3.68,1.19,95.90,107.50,15.82
Daishen Nix,2021,0,G-League,2002,19,6-5,77,15,2,26.50,8.80,3.20,8.33,0.38,0.40,2.27,0.18,1.33,1.87,0.71,0.80,4.53,5.33,5.27,1.00,0.20,2.87,1.60,0.48,0.41,3.39,17.93,10.91,27.46,23.85,1.84,0.69,19.49,127.48,2.42,1.06,90.40,111.10,10.66
Nadir Hifi,2023,0,France,2002,21,6-3,75,33,29,30.50,16.76,5.61,12.06,0.47,1.85,5.36,0.35,3.70,4.39,0.84,0.45,2.24,2.70,3.39,1.33,0.03,2.09,2.61,0.60,0.54,1.86,8.94,5.45,21.27,13.00,2.40,0.10,25.29,165.08,0.57,1.39,116.30,110.20,18.38
Marcio Santos,2023,0,Brazil,2002,21,6-9,81,47,15,17.80,8.02,2.83,5.43,0.52,0.28,1.17,0.24,2.09,2.87,0.73,1.21,2.89,4.11,0.68,0.26,0.72,1.23,2.64,0.60,0.55,8.84,17.97,13.77,6.18,15.57,0.76,4.39,20.96,148.39,-4.37,1.48,113.10,105.40,16.51
Ziga Samar,2022,0,Spain,2001,21,6-6,78,30,27,20.70,7.60,2.73,5.63,0.49,0.80,1.70,0.47,1.33,1.73,0.77,0.63,2.07,2.70,4.73,1.03,0.13,1.67,3.07,0.59,0.56,3.75,12.75,8.16,36.61,20.67,2.71,0.70,18.25,172.50,7.11,1.35,120.30,113.60,17.02
Pavel Savkov,2022,0,Spain-2,2002,20,6-7,79,32,19,23.10,12.28,4.12,9.66,0.43,1.84,4.78,0.39,2.19,2.59,0.84,0.38,2.16,2.53,1.25,0.75,0.09,2.06,2.44,0.57,0.52,2.08,11.92,7.01,10.34,16.04,1.80,0.41,26.83,165.62,-5.25,1.27,104.40,111.90,15.32
Kai Sotto,2022,0,NBL,2002,20,7-3,87,23,2,15.20,7.61,2.70,5.30,0.51,0.22,0.57,0.39,2.00,2.91,0.69,1.09,3.39,4.48,0.57,0.30,0.74,1.30,2.70,0.58,0.53,7.47,24.66,15.82,6.62,16.53,1.04,4.77,22.73,157.94,-6.20,1.43,106.20,105.00,16.96
Ibou Badji,2022,0,Spain-2,2002,20,7-1,85,37,31,20.50,8.49,3.51,6.11,0.58,0.00,0.03,0.00,1.46,2.03,0.72,1.59,2.59,4.19,0.30,0.51,1.22,1.35,1.73,0.61,0.58,9.81,14.78,12.39,2.64,16.18,1.37,6.37,19.31,129.52,-5.46,1.39,111.30,105.60,18.27
Vrenz Bleijenbergh,2021,0,Belgium,2000,21,6-10,82,31,25,26.80,9.48,3.16,8.71,0.36,1.74,5.39,0.32,1.42,1.97,0.72,0.55,4.84,5.39,3.90,1.48,0.58,2.77,2.35,0.50,0.46,2.53,21.42,12.18,23.11,22.46,3.04,2.17,21.80,140.76,-0.63,1.09,95.40,100.30,13.12
Biram Faye,2021,0,Spain-2,2000,21,6-9,81,25,0,18.00,7.48,3.08,5.32,0.58,0.16,0.36,0.44,1.16,1.64,0.71,1.72,3.24,4.96,0.24,0.44,0.48,1.08,2.88,0.62,0.59,12.42,24.37,18.28,2.46,15.17,1.38,3.02,19.72,173.07,-5.04,1.41,114.90,103.80,18.78
Amar Sylla,2021,0,Belgium,2001,20,6-9,81,33,8,20.80,9.33,3.85,7.45,0.52,0.18,1.15,0.16,1.45,2.18,0.67,1.64,4.03,5.67,0.52,0.58,1.06,1.18,1.73,0.56,0.53,11.17,24.17,18.09,4.81,12.32,1.58,5.76,23.06,134.08,-4.15,1.25,107.50,92.20,18.60
Terry Armstrong,2020,0,NBL,2000,20,6-8,80,8,0,2.20,0.25,0.00,0.25,0.00,0.00,0.12,0.00,0.25,0.25,1.00,0.12,0.12,0.25,0.25,0.00,0.00,0.00,0.50,0.35,0.00,7.15,6.74,6.94,12.62,0.00,0.00,0.00,7.12,100.00,7.51,1.00,126.50,130.20,3.87
Sam Froling,2020,0,NBL,2000,20,6-11,83,17,0,12.60,6.00,2.41,5.24,0.46,0.24,0.88,0.27,0.94,1.29,0.73,1.18,2.12,3.29,0.47,0.18,0.06,0.53,1.94,0.52,0.48,9.51,20.74,14.59,6.58,8.36,0.70,0.51,21.57,145.46,-1.72,1.15,107.90,121.00,12.93
Sacha Killeya-Jones,2020,0,Poland,1998,22,6-11,83,14,2,15.30,10.64,4.14,6.79,0.61,0.00,0.00,0.00,2.36,3.64,0.65,1.43,2.43,3.86,0.50,0.64,0.86,1.43,2.64,0.63,0.61,13.28,19.77,16.74,5.83,14.55,2.33,6.70,31.02,125.76,-7.44,1.57,115.30,93.70,25.02
Alex Mudronja,2020,0,NBL,1999,21,6-5,77,4,0,3.10,2.25,0.75,1.50,0.50,0.00,0.50,0.00,0.75,1.00,0.75,0.25,0.25,0.50,0.25,0.00,0.00,0.50,0.75,0.58,0.50,7.50,8.04,7.77,12.94,20.49,0.00,0.00,30.66,125.00,-9.88,1.50,102.60,124.70,12.30
Kouat Noi,2020,0,NBL,1997,23,6-7,79,22,16,23.50,9.50,3.45,8.27,0.42,1.18,3.45,0.34,1.41,2.09,0.67,1.64,4.14,5.77,1.23,0.64,0.27,1.68,2.00,0.52,0.49,8.57,18.48,13.92,7.94,15.47,1.38,1.06,20.52,143.36,-3.74,1.15,102.20,115.00,11.48
Kai Toews,2020,0,Japan,1998,22,6-2,74,12,0,10.20,5.75,2.42,4.75,0.51,0.58,1.67,0.35,0.33,0.33,1.00,0.17,0.67,0.83,1.83,0.17,0.00,0.58,1.08,0.59,0.57,1.87,8.51,4.97,32.18,10.64,0.92,0.00,25.56,185.88,6.31,1.21,119.70,106.80,18.32
Adrian Bogucki,2020,0,Poland,1999,21,7-1,85,22,16,24.90,10.86,4.36,7.55,0.58,0.00,0.05,0.00,2.14,3.14,0.68,1.86,5.36,7.23,1.41,0.68,0.50,1.59,2.86,0.61,0.58,8.72,25.89,17.17,11.02,15.13,1.46,2.13,19.94,125.95,-2.71,1.44,113.90,106.10,18.52
Paul Eboua,2020,0,Italy,2000,20,6-7,79,18,12,21.60,7.39,2.50,5.44,0.46,0.44,1.72,0.26,1.94,3.11,0.63,2.56,2.72,5.28,0.83,0.67,0.72,1.22,2.94,0.54,0.50,11.59,15.37,13.27,6.65,15.21,1.60,3.06,16.71,134.22,-2.93,1.36,109.90,117.60,14.79
Mouhamed Thiam,2020,0,France,2001,19,6-10,82,15,1,5.90,0.80,0.40,1.27,0.32,0.00,0.00,0.00,0.00,0.00,0.00,0.20,0.67,0.87,0.27,0.20,0.20,0.53,2.33,0.32,0.32,3.87,13.66,8.62,6.51,29.63,1.71,3.48,13.18,31.58,-5.89,0.63,58.80,93.70,-1.35
Yago dos Santos,2019,0,Brazil,1999,20,5-10,70,26,24,27.40,13.23,3.85,8.96,0.43,1.92,5.19,0.37,3.62,4.19,0.86,0.38,3.23,3.62,4.77,0.85,0.00,2.58,1.46,0.61,0.54,1.68,13.28,7.66,29.42,19.26,1.62,0.00,22.08,166.19,2.15,1.48,117.60,106.40,18.11
Matas Jogela,2019,0,Lithuania,1998,21,6-6,78,44,31,20.30,11.55,4.50,8.61,0.52,1.14,3.14,0.36,1.41,1.80,0.79,1.55,3.48,5.02,1.07,0.57,0.32,1.11,2.18,0.61,0.59,9.91,21.47,15.80,10.90,10.59,1.55,1.60,24.27,166.96,-2.03,1.34,122.90,105.70,23.31
William McDowell-White,2019,0,Germany,1998,21,6-5,77,12,4,15.90,6.42,2.33,5.58,0.42,0.50,2.42,0.21,1.25,2.00,0.63,0.58,2.17,2.75,3.42,1.25,0.08,0.92,1.33,0.50,0.46,4.71,16.39,10.74,37.95,12.42,4.27,0.51,22.31,124.98,8.65,1.15,110.60,100.20,18.81
Adam Mokoka,2019,0,ABA,1998,21,6-5,77,18,18,27.60,11.17,3.67,9.61,0.38,1.28,4.00,0.32,2.56,3.83,0.67,1.28,2.44,3.72,3.11,1.22,0.17,2.94,3.83,0.49,0.45,5.05,10.47,7.65,20.36,20.67,2.29,0.66,22.16,136.76,-2.96,1.16,94.30,109.60,10.14
Joshua Obiese,2019,0,Germany,2000,19,6-6,78,12,0,15.00,5.50,1.67,4.00,0.42,0.33,1.67,0.20,1.83,2.08,0.88,0.33,1.50,1.83,1.00,0.50,0.33,1.25,1.33,0.56,0.46,3.00,13.79,8.35,10.40,20.27,1.78,2.68,19.99,149.67,-3.82,1.38,98.10,114.80,9.44
Yovel Zoosman,2019,0,Euroleague,1998,21,6-7,79,30,2,14.80,3.03,1.13,2.47,0.46,0.40,1.07,0.38,0.37,0.43,0.85,0.50,1.50,2.00,1.17,0.67,0.23,0.77,1.60,0.57,0.54,4.17,13.47,8.65,11.88,22.39,2.54,1.59,11.15,168.06,0.07,1.23,108.50,108.90,9.98
Brian Bowen,2019,0,NBL,1998,21,6-7,79,30,0,15.40,6.30,2.13,4.73,0.45,0.43,1.27,0.34,1.60,2.10,0.76,0.93,2.23,3.17,0.67,0.23,0.30,0.80,1.30,0.56,0.50,7.11,15.74,11.59,6.64,12.39,0.79,1.66,19.40,155.47,-2.39,1.33,110.40,111.40,13.79
Elijah Clarence,2019,0,Germany,1998,21,6-4,76,9,0,8.50,3.22,1.11,3.22,0.35,0.11,0.89,0.13,0.89,1.22,0.73,0.56,0.56,1.11,0.44,0.11,0.11,1.00,1.44,0.43,0.36,8.40,9.69,9.00,9.57,21.01,0.74,1.51,26.86,119.71,-8.60,1.00,82.60,122.30,2.87
Adonys Henriquez,2019,0,Argentina,1994,25,6-6,78,44,5,18.30,8.86,3.14,6.55,0.48,1.32,3.39,0.39,1.27,1.73,0.74,0.82,2.00,2.82,1.05,0.61,0.02,0.98,1.11,0.61,0.58,5.68,12.83,9.40,9.67,11.80,1.79,0.13,21.37,160.53,-1.53,1.35,116.90,111.40,18.06
Marcus LoVett,2019,0,Serbia,1996,23,6-0,72,18,16,31.60,20.56,7.61,14.17,0.54,2.61,5.28,0.50,2.72,3.44,0.79,0.39,2.72,3.11,4.33,1.28,0.06,3.28,2.33,0.66,0.63,1.48,9.68,5.73,25.45,17.29,2.01,0.17,26.95,182.23,-1.19,1.45,113.00,111.20,20.98
Darel Poirier,2019,0,G-League,1997,22,6-10,82,40,32,20.10,9.05,3.65,7.28,0.50,0.40,1.20,0.33,1.35,2.10,0.64,1.05,3.08,4.12,0.80,0.33,1.02,1.52,2.35,0.55,0.53,5.65,16.58,11.11,6.01,15.68,0.76,4.45,19.98,147.79,-4.89,1.24,100.80,110.80,12.38
Biwali Bayles,2022,0,NBL,2002,20,6-2,74,17,0,10.10,3.53,1.29,3.41,0.38,0.35,1.35,0.26,0.59,0.94,0.63,0.12,1.29,1.41,1.06,0.29,0.18,0.88,0.94,0.46,0.43,1.31,12.31,7.23,16.70,18.74,1.46,1.64,20.73,126.52,-1.71,1.03,87.80,103.70,8.40
Oliver Hayes-Brown,2022,0,NBL,2000,22,6-10,82,8,0,3.50,1.00,0.38,0.62,0.60,0.00,0.00,0.00,0.25,0.25,1.00,0.62,0.75,1.38,0.12,0.00,0.12,0.12,0.25,0.68,0.60,19.71,21.30,20.55,5.22,14.53,0.00,3.09,10.92,160.00,-1.21,1.60,144.60,101.50,19.31
Bul Kuol,2022,0,NBL,1997,25,6-7,79,28,26,28.00,10.39,3.25,8.61,0.38,2.29,6.54,0.35,1.61,1.96,0.82,0.46,2.18,2.64,1.25,1.00,0.07,1.07,2.96,0.55,0.51,1.88,8.52,5.25,7.65,10.16,1.81,0.24,16.64,154.55,-0.84,1.21,108.00,111.40,10.19
Makur Maker,2022,0,NBL,2000,22,6-10,82,21,6,15.80,7.71,2.24,4.95,0.45,0.71,2.14,0.33,2.52,3.24,0.78,1.19,4.05,5.24,0.67,0.29,0.29,1.24,2.00,0.61,0.52,8.76,24.34,17.34,6.66,16.26,0.91,1.73,21.62,156.47,-4.97,1.56,113.60,100.70,17.44
Lat Mayen,2023,0,NBL,1998,25,6-9,81,16,2,11.70,2.94,1.06,3.12,0.34,0.56,2.00,0.28,0.25,0.25,1.00,0.50,1.75,2.25,0.12,0.31,0.06,0.75,0.56,0.45,0.43,4.57,16.49,10.44,1.59,18.82,1.33,0.50,14.71,162.12,-5.63,0.94,83.20,105.80,5.61
Owen Hulland,2021,0,NBL,1999,22,7-0,84,10,0,1.60,0.20,0.10,0.50,0.20,0.00,0.30,0.00,0.00,0.00,0.00,0.00,0.40,0.40,0.00,0.00,0.00,0.10,0.60,0.20,0.20,0.00,25.82,13.89,0.00,16.67,0.00,0.00,17.22,20.00,-6.28,0.40,36.50,114.20,-9.35
Isaac White,2021,0,NBL,1998,23,6-2,74,31,0,11.10,4.35,1.55,3.68,0.42,0.65,1.97,0.33,0.61,0.68,0.91,0.35,1.19,1.55,0.52,0.23,0.00,0.65,0.97,0.55,0.51,3.16,12.31,7.40,7.22,13.96,1.06,0.00,18.44,165.37,-2.71,1.18,105.10,111.20,10.55
Tryggvi Hlinason,2018,0,Spain,1997,21,7-1,85,17,1,5.80,2.59,1.18,1.65,0.71,0.00,0.00,0.00,0.24,0.41,0.57,0.59,0.71,1.29,0.12,0.24,0.18,0.59,1.53,0.71,0.71,14.89,16.09,15.52,3.90,24.34,2.36,3.38,21.44,128.57,-9.35,1.57,111.50,105.50,17.31
Michal Kolenda,2018,0,Poland,1997,21,6-8,80,30,22,17.30,6.93,2.63,4.90,0.54,0.60,1.80,0.33,1.07,1.47,0.73,0.83,1.37,2.20,0.33,0.40,0.10,0.83,1.93,0.63,0.60,6.34,9.94,8.18,3.27,13.06,1.26,0.60,17.90,159.80,-3.58,1.41,115.10,113.40,12.94
Williams Narance,2018,0,France-2,1997,21,6-8,80,36,22,21.30,7.81,2.86,6.47,0.44,0.75,2.31,0.33,1.39,2.14,0.65,1.69,2.81,4.50,1.17,1.11,0.47,1.36,1.83,0.53,0.50,10.03,17.28,13.58,10.28,15.51,2.94,2.57,20.13,141.67,-2.82,1.21,104.10,96.30,16.72
LiAngelo Ball,2018,0,Lithuania,1998,20,6-5,77,14,6,21.70,12.64,4.43,10.43,0.43,2.43,5.86,0.42,1.36,2.14,0.63,1.07,1.79,2.86,0.86,0.64,0.14,1.21,2.14,0.56,0.54,5.53,10.50,7.86,7.58,9.65,1.60,0.64,26.49,147.26,-2.93,1.21,108.30,120.30,15.69
Darin Johnson,2018,0,G-League,1995,23,6-5,77,45,8,17.20,6.33,2.20,5.27,0.42,0.38,1.22,0.31,1.56,2.24,0.69,0.56,1.29,1.84,0.69,0.40,0.11,1.07,1.58,0.51,0.45,3.50,8.00,5.77,6.01,14.57,1.11,0.50,17.77,141.99,-3.52,1.20,97.10,114.80,7.55
Will Magnay,2018,0,NBL,1998,20,6-10,82,6,0,6.30,2.17,0.83,2.50,0.33,0.00,0.17,0.00,0.50,0.50,1.00,1.00,0.50,1.50,0.33,0.00,0.00,0.17,0.67,0.40,0.33,20.18,9.16,14.40,8.30,5.77,0.00,0.00,20.38,133.33,0.87,0.87,105.10,126.40,9.59
Billy Preston,2018,0,ABA,1997,21,6-10,82,3,2,15.80,7.00,2.67,7.00,0.38,0.00,0.33,0.00,1.67,2.00,0.83,1.00,3.00,4.00,1.00,0.67,0.33,0.67,2.67,0.44,0.38,7.74,24.98,16.04,10.55,7.80,2.32,2.24,25.64,121.43,0.00,1.00,99.00,119.20,13.38
Maverick Rowan,2018,0,G-League,1996,22,6-7,79,37,2,13.30,5.32,1.81,4.81,0.38,1.05,3.03,0.35,0.65,0.89,0.73,0.38,1.49,1.86,0.59,0.49,0.16,0.89,1.19,0.51,0.49,3.07,12.36,7.66,6.69,14.63,1.80,1.16,19.86,145.19,-3.84,1.11,95.60,107.10,9.22
Simon Birgander,2017,0,Spain-2,1997,20,6-11,83,24,2,13.30,4.00,1.71,2.79,0.61,0.00,0.00,0.00,0.58,0.88,0.67,1.12,3.00,4.12,0.62,0.79,0.79,0.50,1.96,0.63,0.61,11.10,30.34,20.60,8.28,13.60,3.41,6.32,13.85,127.86,-0.64,1.43,126.30,102.60,21.41
Luka Bozic,2017,0,Croatia,1996,21,6-5,77,24,24,37.70,22.21,7.00,14.25,0.49,1.46,4.62,0.32,6.75,8.04,0.84,0.96,5.79,6.75,6.00,1.54,0.12,4.08,1.42,0.62,0.54,3.26,19.25,11.34,27.37,18.67,2.14,0.35,26.14,164.59,-0.21,1.56,117.40,109.60,22.37
Wesley Alves,2017,0,Brazil,1996,21,6-7,79,31,6,13.20,4.61,1.71,3.94,0.43,0.55,1.65,0.33,0.65,0.87,0.74,0.55,1.42,1.97,0.58,0.52,0.10,0.71,1.39,0.53,0.50,5.23,13.72,9.45,7.88,14.11,2.17,0.83,17.98,150.85,-2.47,1.17,104.40,107.40,12.21
Georginho de Paula,2017,0,Brazil,1996,21,6-6,78,41,36,27.50,10.78,3.29,8.93,0.37,1.22,3.71,0.33,2.98,3.95,0.75,0.93,3.29,4.22,4.15,1.24,0.39,2.12,2.10,0.51,0.44,4.11,15.53,9.64,27.08,16.59,2.52,1.63,21.76,145.09,2.35,1.21,106.70,106.00,16.14
Jonathan Jeanne,2017,0,France,1997,20,7-2,86,19,0,13.00,3.68,1.42,3.26,0.44,0.16,0.63,0.25,0.68,1.32,0.52,1.42,2.53,3.95,0.37,0.37,0.79,1.05,1.21,0.48,0.46,12.57,23.74,17.99,5.03,21.51,1.55,6.20,18.06,120.55,-5.96,1.13,89.70,107.30,13.12
Paris Bass,2017,0,G-League,1995,22,6-7,79,15,0,11.80,3.87,1.53,4.53,0.34,0.40,1.00,0.40,0.40,0.93,0.43,1.07,1.67,2.73,0.80,0.20,0.67,1.07,1.67,0.39,0.38,9.17,15.90,12.36,9.89,17.75,0.82,4.84,21.26,116.68,-4.56,0.85,81.30,106.40,6.79
Lee Moore,2017,0,Italy,1995,22,6-4,76,28,25,26.60,12.96,4.50,9.04,0.50,1.07,2.75,0.39,2.89,3.36,0.86,2.00,3.21,5.21,2.14,0.96,0.00,2.07,1.50,0.62,0.56,9.22,14.70,11.97,14.93,16.46,1.96,0.00,22.47,174.93,-2.43,1.43,116.10,109.50,20.04
Waly Niang,2017,0,G-League,1996,21,6-9,81,5,0,3.70,0.80,0.20,1.40,0.14,0.00,0.20,0.00,0.40,0.40,1.00,0.20,0.60,0.80,0.00,0.00,0.20,0.60,1.20,0.25,0.14,5.77,17.31,11.54,0.00,27.57,0.00,4.37,24.39,114.29,-15.85,0.57,45.40,101.80,-9.61
Gracin Bakumanya,2016,0,France,1997,19,6-11,83,2,0,4.00,0.00,0.00,0.00,0.00,0.00,0.00,0.00,0.00,0.00,0.00,1.00,0.00,1.00,0.00,0.00,0.00,0.50,1.50,0.00,0.00,35.09,0.00,15.50,0.00,100.00,0.00,0.00,6.29,0.00,-12.45,0.00,88.60,131.60,-1.71
Georgios Tsalmpouris,2016,0,Greece,1996,20,7-2,86,1,0,2.70,0.00,0.00,1.00,0.00,0.00,1.00,0.00,0.00,0.00,0.00,0.00,1.00,1.00,0.00,0.00,1.00,0.00,2.00,0.00,0.00,0.00,31.01,16.46,0.00,0.00,0.00,31.01,15.59,0.00,0.00,0.00,0.00,80.10,-3.92
Mouhammadou Jaiteh,2015,0,France,1994,21,6-11,83,34,34,22.50,11.32,4.71,7.85,0.60,0.00,0.00,0.00,1.91,3.26,0.59,2.44,4.06,6.50,0.71,0.65,0.50,1.74,1.97,0.61,0.60,14.08,22.54,18.39,5.59,15.74,1.59,2.09,23.81,118.48,-5.48,1.44,112.90,101.00,21.04
Adin Vrabac,2015,0,Germany,1994,21,6-8,80,32,26,19.60,6.31,2.34,5.75,0.41,0.34,1.41,0.24,1.28,2.44,0.53,0.72,1.59,2.31,1.22,0.28,0.22,2.47,2.44,0.46,0.44,4.91,10.16,7.63,12.44,26.57,0.81,1.19,24.12,117.77,-8.66,1.10,77.50,114.40,3.98
Isaac Fotu,2015,0,Spain,1993,22,6-8,80,26,17,23.80,10.65,4.31,8.88,0.49,1.38,3.65,0.38,0.65,1.08,0.61,1.23,2.81,4.04,0.81,0.27,0.12,0.62,2.04,0.57,0.56,6.54,17.09,11.45,7.40,6.17,0.66,0.58,21.02,147.09,-0.33,1.20,116.60,114.00,16.99
Jamal Jones,2015,0,G-League,1993,22,6-8,80,46,18,21.10,7.83,2.87,6.85,0.42,1.07,3.17,0.34,1.02,1.54,0.66,0.78,2.07,2.85,0.93,0.63,0.41,0.89,2.13,0.52,0.50,3.96,11.00,7.39,6.50,10.59,1.43,1.59,16.72,141.66,-1.26,1.14,103.80,113.50,9.91
Todd Mayo,2015,0,G-League,1991,24,6-3,75,24,2,20.20,8.25,2.79,7.50,0.37,0.67,2.62,0.25,2.00,2.33,0.86,0.29,2.00,2.29,1.04,0.67,0.08,1.92,1.83,0.48,0.42,1.59,11.48,6.41,8.39,18.35,1.70,0.35,22.68,148.33,-6.45,1.10,89.50,109.90,7.57
Naadir Tharpe,2015,0,G-League,1991,24,5-11,71,14,6,17.90,5.29,2.14,5.29,0.41,0.50,1.93,0.26,0.50,0.71,0.70,0.14,1.57,1.71,3.43,0.50,0.07,2.36,1.50,0.47,0.45,0.89,8.74,5.04,23.79,29.62,1.25,0.28,17.34,136.47,-0.37,1.00,86.00,119.60,5.90
Jarvis Threatt,2015,0,G-League,1993,22,6-2,74,36,13,21.60,12.92,4.25,9.42,0.45,0.31,1.06,0.29,4.11,5.72,0.72,1.19,2.67,3.86,5.44,1.36,0.19,1.92,1.78,0.54,0.47,5.32,12.72,8.89,34.75,13.84,2.79,0.62,24.18,145.92,7.30,1.37,118.50,113.50,20.56
Lucas Mariano,2014,0,Brazil,1993,21,6-10,82,42,32,29.30,12.69,4.83,10.55,0.46,1.29,3.74,0.34,1.74,2.24,0.78,1.33,2.50,3.83,0.79,0.43,0.86,2.05,2.43,0.55,0.52,5.94,11.41,8.64,4.88,15.08,0.81,3.01,21.91,157.88,-5.21,1.20,105.00,110.60,12.63
Ojars Silins,2014,0,Italy,1993,21,6-7,79,35,35,24.20,7.34,2.66,5.57,0.48,1.40,3.57,0.39,0.51,0.66,0.78,0.49,1.94,2.43,0.57,0.63,0.91,0.63,2.86,0.63,0.60,2.71,10.39,6.63,3.87,9.69,1.49,4.45,13.59,165.15,-1.03,1.32,119.40,109.30,12.61
Aquille Carr,2014,0,G-League,1993,21,5-6,66,10,0,14.00,10.70,3.50,8.80,0.40,0.90,2.30,0.39,2.80,4.10,0.68,0.10,0.80,0.90,1.90,1.20,0.00,2.10,2.10,0.51,0.45,0.75,6.03,3.37,25.25,16.53,3.93,0.00,36.29,147.20,-5.70,1.22,94.20,113.30,14.75
Cleveland Melvin,2014,0,G-League,1991,23,6-8,80,10,0,21.30,11.20,4.90,9.00,0.54,0.10,0.30,0.33,1.30,1.90,0.68,1.30,2.80,4.10,1.30,0.20,0.30,1.20,2.00,0.57,0.55,6.72,13.45,10.21,8.33,10.87,0.43,1.06,21.06,156.20,-1.51,1.24,111.10,116.10,14.82
Norvel Pelle,2014,0,G-League,1993,21,6-10,82,35,6,13.10,5.54,2.23,4.34,0.51,0.00,0.09,0.00,1.09,1.74,0.62,1.00,2.06,3.06,0.20,0.40,1.40,1.17,2.89,0.54,0.51,8.07,16.77,12.40,2.32,18.65,1.40,8.15,19.34,113.61,-7.59,1.28,96.50,106.50,12.40
Elijah Pittman,2014,0,G-League,1991,23,6-9,81,8,0,20.60,10.00,3.88,8.00,0.48,1.12,3.25,0.35,1.12,2.50,0.45,0.88,2.75,3.62,1.12,0.75,0.12,1.50,2.62,0.55,0.56,4.45,14.14,9.27,7.35,14.15,1.59,0.44,20.24,128.05,-3.31,1.25,101.30,120.40,11.72
Laszlo Dobos,2013,0,Spain,1993,20,7-3,87,1,0,0.90,0.00,0.00,0.00,0.00,0.00,0.00,0.00,0.00,0.00,0.00,0.00,1.00,1.00,0.00,0.00,0.00,0.00,0.00,0.00,0.00,0.00,153.85,67.80,0.00,0.00,0.00,0.00,0.00,0.00,0.00,0.00,0.00,89.00,16.07
Alexandre Paranhos,2013,0,Brazil,1992,21,6-8,80,3,2,19.20,12.33,4.67,9.33,0.50,1.33,3.33,0.40,1.67,2.00,0.83,0.33,2.00,2.33,1.67,1.00,0.00,1.67,1.67,0.60,0.57,2.52,13.07,8.18,13.79,14.03,2.82,0.00,29.19,173.33,-2.80,1.32,112.80,98.70,19.84
Bogdan Radosavljevic,2013,0,Germany,1993,20,7-0,84,9,0,6.10,2.67,0.78,1.56,0.50,0.00,0.00,0.00,1.11,1.44,0.77,0.44,0.33,0.78,0.33,0.11,0.22,1.11,1.11,0.61,0.50,9.96,6.48,8.10,8.28,33.65,0.99,3.70,25.34,126.92,-14.16,1.71,91.60,101.40,9.06
Josep Franch,2012,0,Spain,1991,21,6-5,77,32,23,23.80,7.91,2.88,7.88,0.37,0.88,3.19,0.28,1.28,1.72,0.75,0.44,1.41,1.84,2.28,0.78,0.16,2.31,1.97,0.46,0.42,2.16,7.39,4.69,18.01,21.13,1.83,0.65,21.99,138.50,-3.26,1.00,87.10,106.10,8.63
Mathieu Wojciechowski,2012,0,France,1992,20,6-7,79,1,0,1.50,0.00,0.00,0.00,0.00,0.00,0.00,0.00,0.00,0.00,0.00,1.00,0.00,1.00,0.00,0.00,0.00,1.00,0.00,0.00,0.00,129.03,0.00,68.97,0.00,100.00,0.00,0.00,50.94,0.00,-99.71,0.00,41.50,134.40,-17.35
Matthieu Gauzin,2023,0,France,2001,22,6-4,76,31,0,15.00,5.26,1.81,4.68,0.39,0.55,1.90,0.29,1.10,1.35,0.81,0.32,1.74,2.06,1.84,0.58,0.03,1.06,1.26,0.50,0.45,2.73,16.61,9.25,19.55,16.80,2.19,0.25,21.17,148.39,1.12,1.12,98.30,112.00,11.79
Bojan Tomasevic,2023,0,ABA,2001,22,6-7,79,24,14,22.20,7.67,2.54,4.58,0.56,1.08,2.42,0.45,1.50,1.92,0.78,1.38,2.12,3.50,0.96,0.79,0.08,0.67,2.50,0.71,0.67,7.66,12.70,10.09,7.40,10.94,1.92,0.42,12.95,178.54,-0.12,1.67,137.60,121.00,15.37
Nikos Rogkavopoulos,2023,0,Turkey,2001,22,6-8,80,28,28,32.50,15.46,5.00,11.93,0.42,2.25,6.32,0.36,3.21,3.71,0.87,1.71,4.54,6.25,1.89,1.14,0.32,1.89,1.89,0.57,0.51,6.27,16.21,11.30,11.16,12.25,1.96,1.04,23.18,164.05,-1.94,1.30,112.10,113.60,16.48
Luigi Datome,2009,0,Italy,1987,22,6-8,80,31,2,18.10,8.87,2.97,5.52,0.54,1.45,2.84,0.51,1.48,1.90,0.78,0.68,2.42,3.10,0.48,1.42,0.32,0.90,2.32,0.70,0.67,4.93,16.55,10.92,4.60,12.45,4.23,1.95,18.97,182.90,-3.17,1.61,131.60,101.50,20.98
Simone Fontecchio,2017,0,Italy,1995,22,6-7,79,28,2,12.10,4.61,1.79,3.61,0.50,0.68,1.61,0.42,0.36,0.50,0.71,0.54,1.07,1.61,0.79,0.36,0.14,0.71,1.96,0.60,0.59,5.90,10.24,8.22,10.17,15.73,1.56,1.30,16.94,163.16,-1.54,1.28,114.70,107.10,12.87
Luca Vildoza,2017,0,Argentina,1995,22,6-3,75,67,64,32.00,17.09,5.00,12.49,0.40,1.93,5.64,0.34,5.16,6.03,0.86,0.57,3.55,4.12,4.01,1.69,0.22,3.18,1.97,0.56,0.48,2.09,13.87,7.81,23.79,17.35,2.79,0.72,27.24,159.79,-1.55,1.37,105.40,104.30,18.90
Gabriel Lundberg,2016,0,Denmark,1994,22,6-4,76,37,33,28.70,14.11,5.11,10.38,0.49,1.38,3.65,0.38,2.51,3.54,0.71,1.03,3.19,4.22,2.62,1.76,0.27,1.86,2.14,0.59,0.56,4.28,12.84,8.63,14.95,13.51,3.30,0.93,21.83,157.99,-0.41,1.36,117.60,98.00,19.46
Gabriel Deck,2017,0,Argentina,1995,22,6-8,80,49,43,27.80,17.92,6.65,11.78,0.57,1.08,3.20,0.34,3.53,4.53,0.78,1.10,3.20,4.31,1.45,0.84,0.33,1.47,1.53,0.65,0.61,5.30,12.90,9.44,9.80,9.64,1.61,1.17,26.17,168.19,-1.81,1.52,124.10,100.30,25.12
Facundo Campazzo,2013,0,Argentina,1991,22,5-11,71,52,51,33.10,14.37,4.33,9.56,0.45,1.42,4.71,0.30,4.25,5.77,0.74,0.79,3.21,4.00,5.98,2.40,0.10,2.96,3.19,0.59,0.53,2.94,12.09,7.49,32.29,19.67,3.93,0.29,21.90,149.14,3.02,1.50,114.50,100.10,19.39
Vincent Poirier,2015,0,France-2,1993,22,7-0,84,37,4,12.90,3.57,1.49,2.89,0.51,0.00,0.00,0.00,0.59,0.97,0.61,1.41,2.05,3.46,0.38,0.46,0.46,0.70,1.81,0.54,0.51,13.99,20.32,17.16,5.22,17.47,2.02,3.92,15.76,112.51,-3.52,1.23,107.80,99.10,15.75
Nicolo Melli,2013,0,Euroleague,1991,22,6-9,81,37,8,17.60,5.76,2.05,4.73,0.43,0.65,1.92,0.34,1.00,1.24,0.80,1.03,3.05,4.08,0.76,0.38,0.43,1.30,2.38,0.55,0.50,7.84,21.08,14.80,7.15,19.73,1.18,2.32,17.88,157.67,-4.55,1.22,102.70,103.50,12.22
William Howard,2015,0,France-2,1993,22,6-8,80,41,11,16.00,6.15,2.02,5.02,0.40,0.80,2.66,0.30,1.29,1.80,0.72,0.98,2.54,3.51,0.90,0.78,0.17,0.76,1.46,0.53,0.48,7.81,18.86,13.54,11.06,11.50,2.84,1.04,20.98,142.19,-1.00,1.22,109.70,96.40,18.24
Marko Guduric,2017,0,Euroleague,1995,22,6-6,78,29,4,18.80,7.76,2.34,6.00,0.39,0.97,3.17,0.30,2.10,2.45,0.86,0.55,1.59,2.14,2.14,0.55,0.07,1.86,2.62,0.55,0.47,3.83,12.07,7.75,20.69,20.83,1.68,0.42,23.83,155.43,-2.35,1.29,100.10,106.40,11.79
Mitch Creek,2014,0,NBL,1992,22,6-6,78,33,9,16.10,7.67,2.67,5.36,0.50,0.39,1.15,0.34,1.94,2.70,0.72,1.15,2.70,3.85,1.00,0.48,0.36,0.91,1.94,0.59,0.53,7.85,17.45,12.78,9.34,12.19,1.52,1.96,19.67,155.84,-1.42,1.43,119.00,109.20,17.59
Daniel Theis,2013,0,Germany,1992,21,6-8,80,42,19,16.90,6.45,2.12,4.90,0.43,0.40,1.43,0.28,1.81,2.36,0.77,1.24,3.36,4.60,0.79,0.40,0.71,1.07,2.60,0.54,0.47,9.04,22.62,16.10,7.74,15.28,1.29,3.97,19.47,148.30,-3.14,1.32,108.90,99.90,15.92
Milos Teodosic,2009,0,Euroleague,1987,22,6-5,77,17,10,14.60,3.29,1.06,3.18,0.33,0.71,2.00,0.35,0.47,0.47,1.00,0.18,0.76,0.94,1.71,0.53,0.00,0.94,2.24,0.49,0.44,1.76,6.46,4.31,17.87,21.76,2.05,0.00,14.63,168.63,1.31,1.04,98.40,110.90,6.73
Axel Toupane,2014,0,France,1992,22,6-7,79,41,11,19.10,6.07,2.29,4.76,0.48,0.61,1.90,0.32,0.88,1.02,0.86,0.34,2.17,2.51,0.88,0.95,0.15,0.73,2.24,0.58,0.55,2.55,15.14,9.06,7.98,12.32,2.89,0.87,16.07,165.97,-0.77,1.28,110.00,105.20,13.11
Nicolas Brussino,2015,0,Argentina,1993,22,6-8,80,55,15,22.60,9.40,3.22,7.53,0.43,1.64,4.24,0.39,1.33,1.64,0.81,0.51,2.73,3.24,1.33,0.55,0.64,1.65,2.84,0.57,0.54,2.99,14.45,9.02,10.01,16.71,1.27,2.65,21.36,162.49,-3.41,1.25,103.30,105.60,13.30
Mindaugas Kuzminskas,2011,0,Euroleague,1989,22,6-9,81,8,0,6.80,1.62,0.62,1.75,0.36,0.12,0.75,0.17,0.25,0.38,0.67,0.38,0.62,1.00,0.12,0.25,0.00,0.50,0.50,0.42,0.39,7.46,10.92,9.30,3.47,20.70,2.04,0.00,16.64,119.05,-5.86,0.93,79.90,105.00,5.90
Nicolas Laprovittola,2012,0,Argentina,1990,22,6-4,76,48,23,28.90,10.23,3.21,6.77,0.47,1.15,3.06,0.37,2.67,3.33,0.80,0.42,2.48,2.90,3.83,1.10,0.06,2.38,2.35,0.62,0.56,1.83,11.29,6.48,22.83,22.38,2.19,0.23,18.33,164.80,0.65,1.51,112.60,105.50,15.92
Boban Marjanovic,2010,0,Serbia,1988,22,7-4,88,6,6,18.90,9.00,3.50,5.67,0.62,0.00,0.00,0.00,2.00,2.83,0.71,1.17,4.17,5.33,1.17,0.33,1.00,2.00,1.83,0.65,0.62,8.42,32.69,20.05,12.20,22.44,0.99,6.83,23.01,132.35,-6.28,1.59,108.20,109.30,20.21
Cristiano Felicio,2014,0,Brazil,1992,22,6-10,82,40,5,12.80,5.15,2.05,3.70,0.55,0.15,0.55,0.27,0.90,1.48,0.61,1.30,2.30,3.60,0.40,0.28,0.12,0.97,1.95,0.59,0.57,13.00,21.57,17.42,5.53,18.31,1.17,0.98,19.63,143.70,-5.46,1.39,109.80,102.80,14.49
Tim Olbrecht,2010,0,Germany,1988,22,6-10,82,35,32,22.50,10.46,3.66,7.40,0.49,1.09,3.17,0.34,2.06,2.63,0.78,1.06,3.11,4.17,0.66,0.46,1.14,1.46,3.11,0.61,0.57,6.25,17.53,12.03,6.04,14.55,1.16,5.38,22.02,161.92,-4.55,1.41,114.50,101.80,18.92
Vladimir Lucic,2011,0,Euroleague,1989,22,6-8,80,15,0,10.70,2.40,0.80,1.53,0.52,0.13,0.40,0.33,0.67,1.00,0.67,0.47,1.40,1.87,0.60,0.20,0.27,0.20,1.47,0.61,0.57,5.24,17.78,11.12,11.29,9.20,1.08,2.59,9.93,152.17,1.89,1.57,129.60,102.60,13.39
Kostas Sloukas,2012,0,Euroleague,1990,22,6-2,74,15,0,14.70,5.53,1.73,3.33,0.52,0.67,1.20,0.56,1.40,1.60,0.88,0.27,1.47,1.73,1.60,0.67,0.07,0.93,1.47,0.69,0.62,2.34,13.75,7.86,20.16,18.78,2.62,0.44,16.63,195.06,0.92,1.66,127.30,104.00,0.00
Alexey Shved,2010,0,Euroleague,1988,22,6-6,78,2,0,1.90,0.50,0.00,0.50,0.00,0.00,0.00,0.00,0.50,1.00,0.50,0.00,0.50,0.50,0.50,0.00,0.00,0.00,0.00,0.27,0.00,0.00,37.74,20.41,34.48,0.00,0.00,0.00,25.52,50.00,17.76,1.00,92.80,104.90,11.45
Andrew Albicy,2012,0,France,1990,22,5-10,70,32,4,20.10,4.41,1.50,3.66,0.41,0.38,1.28,0.29,1.03,1.62,0.64,0.25,1.31,1.56,3.22,1.16,0.00,1.44,1.31,0.50,0.46,1.61,7.26,4.64,24.78,24.75,3.13,0.00,13.74,133.76,3.43,1.21,101.40,108.90,10.60
Thomas Heurtel,2010,0,France,1989,21,6-2,74,30,15,22.80,9.37,3.50,7.67,0.46,1.37,3.27,0.42,1.00,1.37,0.73,0.57,1.47,2.03,4.77,1.13,0.00,2.77,1.47,0.57,0.55,3.22,8.24,5.75,35.43,25.07,2.69,0.00,23.24,160.66,1.74,1.22,104.30,116.00,15.59
Carlos Alocen,2022,0,Euroleague,2000,22,6-5,77,9,3,10.80,2.67,0.78,3.44,0.23,0.22,1.78,0.13,0.89,1.11,0.80,0.56,0.89,1.44,1.56,0.33,0.00,0.78,1.11,0.34,0.26,6.55,10.71,8.61,23.92,16.51,1.78,0.00,21.55,115.08,2.37,0.77,85.40,103.30,5.56
Guillem Vives,2015,0,Spain,1993,22,6-3,75,41,16,18.40,6.51,2.27,4.49,0.51,0.85,2.20,0.39,1.12,1.32,0.85,0.34,1.32,1.66,2.24,0.54,0.27,1.10,2.41,0.64,0.60,2.60,10.01,6.31,20.13,17.80,1.64,1.66,16.42,174.62,2.16,1.45,123.60,114.10,14.93
Joel Parra,2022,0,Spain,2000,22,6-8,80,41,35,24.30,8.68,3.12,6.46,0.48,0.76,2.05,0.37,1.68,2.02,0.83,1.32,3.12,4.44,0.90,0.93,0.22,0.90,1.98,0.59,0.54,6.93,16.37,11.65,6.10,10.93,2.15,1.04,16.49,168.34,-1.27,1.34,120.20,109.30,15.14
Justus Hollatz,2023,0,Spain,2001,22,6-3,75,34,33,24.10,7.94,3.03,6.85,0.44,0.82,2.56,0.32,1.06,1.50,0.71,0.44,1.71,2.15,3.29,1.29,0.18,1.71,2.38,0.53,0.50,2.19,9.24,5.56,23.10,18.50,2.99,0.82,18.28,146.98,2.10,1.16,105.00,109.50,12.98
Jaime Pradilla,2023,0,Euroleague,2001,22,6-9,81,30,8,13.40,3.87,1.70,3.23,0.53,0.27,0.70,0.38,0.20,0.47,0.43,0.93,1.20,2.13,0.60,0.23,0.13,0.70,1.47,0.56,0.57,9.55,13.23,11.32,7.61,16.91,0.98,1.20,15.19,133.53,-2.21,1.20,106.90,120.80,9.97
Dino Radoncic,2021,0,Spain,1999,22,6-8,80,36,33,28.10,10.86,4.00,8.97,0.45,0.69,2.83,0.25,2.17,2.97,0.73,1.92,3.69,5.61,1.67,1.14,0.31,1.83,1.67,0.53,0.49,7.63,18.29,12.39,11.03,15.13,2.20,1.13,20.03,141.99,-2.56,1.21,104.40,116.00,14.49
Nenad Dimirijevic,2020,0,Spain,1998,22,6-1,73,25,7,19.50,8.84,3.32,7.04,0.47,0.60,2.12,0.28,1.60,1.80,0.89,0.28,1.40,1.68,3.36,0.56,0.04,2.64,2.44,0.57,0.49,2.52,10.76,6.77,25.00,22.87,2.40,0.23,22.40,158.76,-0.76,1.34,105.30,112.30,12.57
Santiago Yusta,2019,0,Spain,1997,22,6-6,78,20,10,15.90,6.15,2.15,4.40,0.49,0.90,2.25,0.40,0.95,1.15,0.83,0.55,1.70,2.25,0.85,0.50,0.10,0.45,1.50,0.63,0.59,4.58,11.66,8.46,8.24,8.40,1.70,0.61,15.80,171.47,0.72,1.40,130.50,107.20,14.93
Xabier Lopez-Arostegui,2019,0,Spain,1997,22,6-7,79,35,20,18.90,5.66,1.97,4.80,0.41,0.89,2.29,0.39,0.83,0.97,0.85,0.77,1.94,2.71,0.77,0.74,0.00,0.46,1.40,0.54,0.50,5.55,13.22,9.49,6.71,8.04,2.19,0.00,14.76,165.12,0.30,1.18,115.80,114.00,11.62
Jordan Sakho,2019,0,Spain,1997,22,6-10,82,27,7,15.70,5.78,2.19,4.11,0.53,0.00,0.00,0.00,1.41,2.07,0.68,1.52,2.04,3.56,0.15,0.48,0.48,0.93,2.59,0.58,0.53,11.49,16.90,14.07,1.69,15.56,1.68,3.30,17.69,121.01,-5.19,1.41,110.10,112.50,13.90
Sergi Garcia,2019,0,Spain,1997,22,6-3,75,17,0,6.40,2.29,0.71,1.82,0.39,0.53,1.35,0.39,0.35,0.59,0.60,0.47,0.29,0.76,0.53,0.24,0.00,0.47,0.35,0.55,0.53,10.57,6.23,8.34,13.43,18.43,2.13,0.00,20.26,137.84,-1.93,1.26,109.10,116.80,12.44
Rolands Smits,2017,0,Spain,1995,22,6-10,82,32,15,21.50,7.50,2.84,6.84,0.42,0.72,2.56,0.28,1.09,1.62,0.67,1.44,2.44,3.88,0.53,0.31,0.19,1.53,2.38,0.46,0.44,10.05,13.17,11.55,3.88,11.89,1.09,0.86,20.98,117.72,-3.67,1.04,95.80,114.40,8.17
Alberto Abalde,2017,0,Spain,1995,22,6-7,79,31,27,23.90,10.10,4.00,8.71,0.46,0.87,2.81,0.31,1.23,1.77,0.69,0.97,2.52,3.48,1.77,0.77,0.06,1.32,1.90,0.53,0.51,5.33,14.23,9.72,14.75,12.23,1.82,0.28,22.32,146.05,-0.59,1.16,105.90,110.10,14.78
Ludvig Hakanson,2018,0,Spain,1996,22,6-3,75,33,2,15.00,5.94,2.03,5.30,0.38,0.91,2.88,0.32,0.97,1.24,0.78,0.33,1.30,1.64,2.42,0.24,0.06,1.21,1.55,0.51,0.47,2.56,10.32,6.38,27.33,17.16,0.86,0.37,21.82,147.91,2.61,1.12,102.10,116.00,11.01
Alessandro Pajola,2021,0,Italy,1999,22,6-4,76,29,6,19.40,6.28,2.21,4.34,0.51,0.90,2.07,0.43,0.97,1.45,0.67,0.55,2.17,2.72,3.41,1.62,0.17,1.48,2.41,0.63,0.61,3.59,12.86,8.44,27.40,22.94,4.39,1.04,15.22,160.79,3.99,1.44,116.80,95.70,16.54
Diego Flaccadori,2018,0,Italy,1996,22,6-5,77,37,5,21.70,8.84,2.86,7.70,0.37,1.14,3.49,0.33,1.97,2.68,0.74,0.38,1.35,1.73,1.57,0.97,0.08,1.08,1.70,0.50,0.45,2.05,8.14,4.93,11.99,10.85,2.42,0.40,21.42,143.49,-0.16,1.15,104.00,104.90,12.70
Achille Polonara,2013,0,Italy,1991,22,6-8,80,40,8,20.50,8.40,3.17,6.80,0.47,0.82,2.42,0.34,1.23,1.85,0.66,1.48,3.30,4.78,0.88,1.32,0.40,1.20,1.98,0.55,0.53,8.49,18.80,13.67,7.51,13.61,3.44,1.85,19.77,146.93,-2.94,1.24,110.00,98.20,18.43
Pietro Aradori,2010,0,Italy,1988,22,6-4,76,28,25,30.30,16.75,5.57,12.11,0.46,1.71,4.36,0.39,3.89,4.61,0.85,1.64,3.36,5.00,1.75,2.14,0.11,2.50,2.39,0.59,0.53,7.13,14.77,10.92,12.53,15.03,3.95,0.41,26.32,169.86,-4.42,1.38,115.40,109.40,20.72
Nikos Chougkaz,2021,0,Greece,2000,21,6-9,81,24,17,25.60,10.62,3.54,8.25,0.43,1.21,3.08,0.39,2.33,3.12,0.75,1.71,4.62,6.33,0.83,0.92,0.42,1.42,2.62,0.55,0.50,8.26,23.26,15.61,5.98,12.83,1.96,1.72,20.44,156.79,-3.32,1.29,108.20,108.70,16.34
Zois Karampelas,2023,0,Greece,2001,22,6-1,73,22,14,24.10,6.95,2.32,7.14,0.33,1.09,4.23,0.26,1.23,1.64,0.75,0.50,2.45,2.95,4.55,1.09,0.05,2.64,2.55,0.44,0.40,2.43,13.05,7.50,35.09,25.13,2.55,0.20,21.74,133.29,1.69,0.97,86.80,109.70,9.27
Antonios Koniaris,2019,0,Greece,1997,22,6-4,76,26,23,18.20,4.81,1.62,4.62,0.35,0.96,2.73,0.35,0.62,0.81,0.76,0.54,1.46,2.00,2.85,0.77,0.08,1.35,2.15,0.48,0.45,3.69,10.28,6.94,27.19,21.31,2.40,0.52,17.41,146.40,3.12,1.04,100.10,106.60,11.51
Ioannis Papapetrou,2014,0,Greece,1994,20,6-8,80,25,7,13.30,4.80,1.76,4.28,0.41,0.64,2.40,0.27,0.64,0.92,0.70,0.60,1.80,2.40,0.68,0.28,0.16,0.56,1.52,0.51,0.49,5.97,15.52,11.09,8.27,10.68,1.19,1.17,19.38,137.35,-0.80,1.12,106.90,92.40,13.59
Lefteris Bochoridis,2016,0,Greece,1994,22,6-5,77,14,1,8.60,3.14,1.00,1.79,0.56,0.71,1.21,0.59,0.43,0.57,0.75,0.21,1.29,1.50,0.71,0.07,0.07,0.43,1.00,0.77,0.76,3.09,17.92,10.62,13.45,17.38,0.46,0.86,13.44,189.82,0.54,1.76,132.50,98.20,16.43
Malcolm Cazalon,2023,0,ABA,2001,22,6-6,78,27,23,25.70,11.00,3.85,8.48,0.45,1.33,4.07,0.33,1.96,2.48,0.79,0.56,2.74,3.30,2.56,1.67,0.19,1.89,2.70,0.58,0.53,2.85,13.10,8.15,16.94,16.48,3.49,0.72,20.98,157.25,-0.71,1.30,108.90,111.20,15.06
Mario Nakic,2023,0,ABA,2001,22,6-7,79,3,3,29.60,14.67,6.00,15.67,0.38,1.33,4.33,0.31,1.33,1.67,0.80,3.00,5.67,8.67,1.67,2.33,0.33,1.00,3.33,0.45,0.43,12.13,24.65,18.16,9.40,5.75,4.29,1.39,25.65,149.07,0.37,0.94,112.00,103.20,17.67
Uros Trifunovic,2022,0,ABA,2000,22,6-7,79,28,8,15.60,4.32,1.57,3.54,0.44,0.71,2.11,0.34,0.46,0.71,0.65,0.39,0.96,1.36,0.68,0.46,0.04,0.68,1.18,0.56,0.55,3.52,7.76,5.76,6.88,14.98,1.73,0.26,14.14,143.34,-1.48,1.22,109.20,111.80,9.71
Hugo Robineau,2022,0,France-2,2000,22,6-4,76,33,1,9.30,3.39,0.97,2.00,0.49,0.21,0.64,0.33,1.24,1.48,0.84,0.21,1.06,1.27,0.94,0.36,0.00,0.52,1.48,0.64,0.54,2.95,13.66,8.52,15.96,16.26,2.08,0.00,16.16,165.49,1.17,1.70,123.70,109.90,14.34
Nemanja Popovic,2023,0,Serbia,2001,22,6-8,80,18,12,22.70,11.22,5.00,9.17,0.55,0.17,0.94,0.18,1.06,1.83,0.58,2.06,4.28,6.33,1.22,0.61,1.28,2.11,2.11,0.56,0.56,10.43,22.60,16.40,10.01,17.47,1.43,6.15,24.29,129.77,-5.79,1.22,101.90,98.60,17.87
Marko Pecarski,2022,0,ABA,2000,22,6-10,82,25,14,24.10,12.24,4.56,8.72,0.52,1.40,3.12,0.45,1.72,2.16,0.80,2.64,3.32,5.96,0.64,0.40,0.32,0.68,1.80,0.63,0.60,12.94,16.81,14.84,5.71,6.57,0.91,1.46,20.40,176.80,-1.03,1.40,129.40,112.30,22.03
Tomas Pavelka,2022,0,Spain-2,2000,22,7-2,86,23,20,24.00,10.22,4.48,6.91,0.65,0.00,0.09,0.00,1.26,2.74,0.46,2.57,5.09,7.65,0.57,0.43,2.13,2.26,2.96,0.63,0.65,12.55,24.99,18.76,4.34,21.78,0.95,8.11,19.62,110.81,-7.32,1.48,106.20,103.90,19.67
Nikita Mikhailovskii,2022,0,Russia,2000,22,6-7,79,24,12,18.30,8.46,2.75,5.88,0.47,1.17,2.79,0.42,1.79,2.21,0.81,0.38,2.29,2.67,1.04,0.54,0.08,1.29,2.71,0.62,0.57,2.54,15.05,8.90,9.67,15.87,1.55,0.49,20.64,169.73,-3.16,1.44,111.50,114.00,12.84
Yoan Makoundou,2022,0,France,2000,22,6-9,81,36,22,23.00,10.42,4.08,7.53,0.54,0.67,1.81,0.37,1.58,2.08,0.76,1.58,3.67,5.25,0.75,0.61,1.08,1.42,2.39,0.62,0.59,9.04,19.44,14.43,5.80,14.37,1.43,4.96,20.60,167.17,-3.94,1.38,114.00,107.70,18.30
Jovan Kljajic,2023,0,Spain,2001,22,6-6,78,14,6,7.60,2.14,0.79,2.21,0.36,0.50,1.14,0.44,0.07,0.29,0.25,0.50,0.57,1.07,0.29,0.00,0.00,0.29,1.00,0.46,0.47,8.02,9.56,8.77,6.07,10.88,0.00,0.00,16.26,104.23,-1.25,0.97,99.00,114.60,5.81
Kenan Kamenjas,2022,0,ABA,2000,22,6-10,82,26,17,27.60,14.27,6.00,9.50,0.63,0.04,0.27,0.14,2.23,3.81,0.59,2.27,6.15,8.42,2.00,1.12,0.19,1.50,1.81,0.64,0.63,10.50,28.36,19.45,14.27,11.83,2.17,0.80,21.78,136.03,-0.58,1.50,123.90,109.10,24.37
Dalibor Ilic,2022,0,ABA,2000,22,6-8,80,24,15,26.10,12.67,4.33,7.54,0.58,0.79,2.33,0.34,3.21,4.50,0.71,3.25,4.46,7.71,1.21,0.71,0.38,1.25,1.92,0.67,0.63,16.36,22.13,19.26,8.41,11.60,1.57,1.59,20.21,162.68,-1.76,1.68,133.10,109.40,24.58
Guo Haowen,2022,0,China,2000,22,6-8,80,34,10,21.80,13.71,4.03,8.59,0.47,0.82,2.38,0.35,4.82,6.15,0.79,0.68,1.62,2.29,2.09,0.68,0.12,1.97,2.94,0.61,0.52,3.43,8.80,6.02,14.61,14.86,1.51,0.48,25.36,159.95,-2.48,1.60,114.70,107.70,15.19
Guo Ailun,2015,0,China,1993,22,6-4,76,49,48,33.60,13.69,5.37,10.78,0.50,1.35,3.86,0.35,1.61,2.39,0.68,1.08,1.82,2.90,5.10,1.88,0.10,1.59,3.06,0.58,0.56,3.88,6.60,5.23,21.59,11.86,2.94,0.27,17.83,152.25,5.47,1.27,126.50,113.50,15.01
Gregor Glas,2023,0,ABA,2001,22,6-6,78,13,12,26.50,12.92,4.00,11.00,0.36,1.92,5.85,0.33,3.00,3.77,0.80,0.46,2.46,2.92,3.15,0.69,0.08,3.23,2.77,0.51,0.45,2.06,12.83,7.03,21.95,20.33,1.41,0.27,27.33,148.85,-4.20,1.17,96.10,121.90,9.70
Mouhamet Diouf,2023,0,Italy,2001,22,6-10,82,28,13,14.00,5.96,2.14,3.82,0.56,0.00,0.14,0.00,1.68,2.36,0.71,1.21,2.00,3.21,0.25,0.57,0.79,1.07,1.79,0.61,0.56,11.18,18.16,14.69,3.68,18.07,2.29,6.30,21.13,127.29,-6.69,1.56,108.70,103.00,17.99
Ousmane Diop,2022,0,Italy,2000,22,6-9,81,32,3,14.60,5.69,2.03,3.81,0.53,0.06,0.41,0.15,1.56,2.19,0.71,1.44,1.91,3.34,0.84,0.75,0.28,1.00,3.12,0.60,0.54,12.29,16.52,14.39,9.39,17.32,2.73,2.08,18.60,140.09,-2.92,1.49,115.00,107.40,16.04
Abdoulaye N'Doye,2020,0,France,1998,22,6-7,79,25,24,30.50,10.12,3.60,6.88,0.52,0.60,1.36,0.44,2.32,3.08,0.75,0.96,3.20,4.16,4.04,1.28,0.36,2.04,2.96,0.61,0.57,4.11,13.55,8.86,21.58,19.85,2.30,1.21,16.26,171.77,2.16,1.47,117.00,108.90,14.74
Tom Digbeu,2023,0,France-2,2001,22,6-5,77,24,20,26.50,16.21,4.92,10.21,0.48,1.08,3.58,0.30,5.29,6.17,0.86,0.71,3.21,3.92,2.92,0.96,0.50,2.58,2.00,0.63,0.54,3.31,14.77,9.09,20.81,16.66,1.87,1.93,26.88,164.21,-2.33,1.59,116.10,108.30,21.55
Gora Camara,2023,0,Italy,2001,22,7-0,84,24,0,5.20,2.00,0.75,1.04,0.72,0.00,0.00,0.00,0.50,0.83,0.60,0.46,0.71,1.17,0.00,0.12,0.29,0.67,0.67,0.71,0.72,12.40,15.99,14.36,0.00,32.13,1.31,6.04,19.35,132.00,-12.82,1.92,98.30,101.00,13.46
Danko Brankovic,2022,0,ABA,2000,22,7-1,85,25,6,17.60,9.92,4.28,6.68,0.64,0.32,0.88,0.36,1.04,1.60,0.65,2.00,3.00,5.00,0.64,0.52,1.08,0.96,3.04,0.67,0.67,14.65,22.28,18.44,7.66,11.51,1.67,7.02,22.81,165.44,-3.03,1.49,126.30,102.80,26.71
Kenny Baptiste,2022,0,France,2000,22,6-10,82,30,7,17.10,5.77,2.53,4.70,0.54,0.13,0.90,0.15,0.57,0.80,0.71,0.90,1.80,2.70,0.80,0.60,0.30,0.77,2.30,0.57,0.55,6.69,13.20,9.97,7.65,13.18,1.87,1.77,15.77,139.55,-1.34,1.23,110.70,109.30,12.52
Olek Balcerowski,2022,0,ABA,2000,22,7-1,85,16,3,19.10,8.56,3.38,6.56,0.51,0.12,0.69,0.18,1.69,2.62,0.64,1.69,3.81,5.50,1.06,0.69,1.44,1.50,3.00,0.56,0.52,10.92,25.26,18.01,10.55,16.27,1.92,7.77,22.20,133.90,-3.94,1.30,105.10,98.50,18.76
Mert Akay,2022,0,Serbia,2000,22,6-6,78,7,0,15.70,7.71,2.86,6.14,0.47,0.43,1.71,0.25,1.57,1.86,0.85,1.00,1.71,2.71,4.71,1.14,0.00,2.43,1.86,0.55,0.50,7.99,12.32,10.27,45.63,25.87,3.85,0.00,26.59,156.13,4.60,1.26,113.60,98.10,19.95
Melvin Ajinca,2024,1,France-1,2004,20,6.7,79,35,29,24.80,10.20,3.29,8.23,0.40,2.00,5.60,0.36,1.63,2.00,0.81,0.97,2.51,3.49,0.74,0.49,0.06,0.74,2.29,0.56,0.52,4.89,13.00,8.89,5.32,7.54,1.09,0.27,19.25,157.07,-1.05,1.24,114.50,107.40,12.64
Zaccharie Risacher,2024,1,France-1,2005,19,6.8,80,65,53,23.30,11.09,3.89,8.28,0.47,1.42,3.66,0.39,1.89,2.68,0.71,1.22,2.77,3.98,0.92,0.86,0.45,1.62,2.38,0.59,0.56,6.80,15.13,11.01,6.95,14.59,2.00,2.06,22.40,156.37,-4.34,1.34,108.50,104.00,15.19
Armel Traore,2024,0,France-1,2003,21,6.8,80,35,30,25.20,10.69,4.17,7.66,0.55,0.51,1.83,0.28,1.83,2.83,0.65,2.31,4.83,7.14,1.46,0.60,0.74,1.74,2.29,0.60,0.58,11.20,23.06,17.17,10.67,16.37,1.27,2.95,19.64,147.25,-3.07,1.40,112.10,109.70,17.11
Nikola Djurisic,2024,1,ABA,2004,20,6.8,80,36,34,29.90,14.78,4.86,10.94,0.44,1.11,3.64,0.31,3.94,5.17,0.76,0.39,2.42,2.81,3.42,1.19,0.39,3.19,2.86,0.56,0.50,1.70,10.15,6.01,18.65,19.46,2.12,1.39,25.36,151.29,-3.04,1.35,102.40,112.70,13.67
Nikola Topic,2024,1,ABA,2005,19,6.5,77,23,19,27.80,14.48,5.26,10.57,0.50,1.13,3.70,0.31,2.83,3.22,0.88,0.70,2.52,3.22,5.52,0.96,0.13,2.30,3.04,0.60,0.55,3.18,11.25,7.26,34.38,16.13,1.87,0.50,23.92,168.22,5.04,1.37,121.40,107.90,19.85
Juan Nunez,2024,1,Germany,2004,20,6.3,75,35,24,22.10,9.37,3.49,7.80,0.45,0.77,2.54,0.30,1.63,2.60,0.63,0.71,2.77,3.49,4.60,1.57,0.00,2.06,1.77,0.52,0.50,4.10,16.15,10.08,32.36,18.70,3.73,0.00,22.65,137.66,4.54,1.20,108.00,104.80,16.58
AJ Johnson,2024,1,NBL,2004,20,6.5,77,29,0,8.30,2.86,1.14,3.21,0.36,0.34,1.24,0.28,0.24,0.45,0.54,0.28,0.97,1.24,0.79,0.21,0.14,0.69,0.90,0.42,0.41,3.53,12.58,8.01,13.91,16.85,1.26,1.59,21.16,117.11,-1.83,0.89,85.80,112.20,7.08
Bobi Klintman,2024,1,NBL,2003,21,6.10.,82,26,8,21.60,10.15,3.31,7.62,0.43,1.19,3.54,0.34,2.35,2.88,0.81,0.88,3.85,4.73,0.92,1.04,0.50,1.73,2.69,0.57,0.51,4.58,18.61,11.84,6.60,16.30,2.29,2.05,20.84,158.46,-4.62,1.33,103.20,108.40,13.86
Taran Armstrong,2024,0,NBL,2002,22,6.6,78,23,13,21.80,7.70,2.70,5.83,0.46,0.39,1.52,0.26,1.91,2.74,0.70,0.57,3.43,4.00,2.70,0.65,0.09,1.48,2.61,0.55,0.50,2.86,16.57,9.87,18.52,17.37,1.44,0.34,16.94,141.82,1.43,1.32,105.60,111.50,11.31
Alexandre Sarr,2024,1,NBL,2005,19,7.1,85,30,0,18.00,9.60,3.57,7.13,0.50,0.53,1.93,0.28,1.93,2.73,0.71,1.53,2.97,4.50,1.03,0.43,1.53,1.03,1.37,0.58,0.54,8.84,18.18,13.37,9.45,11.03,1.18,8.00,21.90,148.32,-1.76,1.35,116.00,107.90,20.96
Mantas Rubstavicius,2024,0,NBL,2002,22,6.6,78,25,15,19.70,9.36,3.04,5.88,0.52,1.24,2.92,0.43,2.04,2.48,0.82,0.64,1.44,2.08,1.16,0.80,0.12,1.08,2.68,0.67,0.62,3.98,8.52,6.31,9.16,13.41,2.02,0.55,18.47,176.42,-1.57,1.59,123.60,112.60,15.28
Ariel Hukporti,2024,1,NBL,2002,22,7,84,36,14,17.70,7.92,3.06,5.31,0.58,0.00,0.00,0.00,1.81,2.92,0.62,2.50,4.56,7.06,0.75,0.53,1.53,1.56,2.69,0.60,0.58,15.52,27.46,21.58,6.34,19.10,1.48,7.21,19.77,119.50,-5.99,1.49,113.10,101.40,20.04
Trentyn Flowers,2024,0,NBL,2005,19,6.8,80,21,8,14.40,5.52,1.95,4.48,0.44,0.48,1.33,0.36,1.14,1.76,0.65,0.52,2.57,3.10,0.62,0.24,0.10,1.48,1.48,0.53,0.49,3.90,18.77,11.41,7.02,21.94,0.81,0.57,19.87,144.20,-6.81,1.23,89.70,115.20,8.36
Ron Holland,2024,1,G-League,2005,19,6.8,80,29,28,31.90,19.48,7.14,15.52,0.46,0.79,3.31,0.24,2.86,3.93,0.73,1.55,5.10,6.66,2.90,2.28,0.86,3.21,3.21,0.57,0.49,5.17,18.29,11.49,16.13,15.68,3.51,2.35,28.05,142.77,-3.98,1.26,95.80,114.80,15.79
Matas Buzelis,2024,1,G-League,2004,20,6.10.,82,34,32,31.00,14.09,5.35,11.76,0.46,0.88,3.38,0.26,1.41,2.03,0.70,1.59,5.03,6.62,1.94,0.91,1.94,2.18,2.38,0.56,0.49,5.57,18.79,11.97,10.40,14.67,1.48,5.61,21.45,141.15,-2.92,1.20,97.30,117.40,13.63
Tyler Smith,2024,1,G-League,2004,20,6.10.,82,43,2,22.20,13.74,4.95,10.33,0.48,1.35,3.74,0.36,1.40,1.91,0.73,1.70,3.42,5.12,1.33,0.81,0.91,1.26,2.63,0.62,0.55,8.16,17.69,12.75,10.50,10.11,1.81,3.65,24.60,157.17,-1.68,1.33,109.40,118.20,18.46
Thierry Darlan,2024,0,G-League,2004,20,6.6,78,45,11,19.10,5.42,1.62,4.36,0.37,0.56,2.11,0.26,0.96,1.27,0.75,0.69,2.98,3.67,0.80,0.60,0.33,1.49,1.58,0.55,0.44,3.83,18.05,10.63,5.97,23.26,1.56,1.55,14.73,139.00,-5.05,1.24,84.00,120.60,6.25
Babacar Sane,2024,0,G-League,2003,21,6.6,78,31,10,22.70,10.52,3.65,8.26,0.44,0.48,1.84,0.26,1.65,2.35,0.70,1.16,4.48,5.65,0.68,0.52,0.55,1.87,2.90,0.57,0.47,5.60,22.85,13.99,4.76,16.76,1.14,2.13,21.85,140.32,-6.36,1.27,91.10,119.70,10.01
Tidjane Salaun,2024,1,France-1,2005,19,6.9,81,54,40,23.40,9.74,3.35,8.26,0.41,1.39,4.39,0.32,1.65,2.20,0.75,1.24,2.70,3.94,0.89,1.07,0.19,1.28,2.43,0.53,0.49,6.62,15.50,10.90,6.77,12.16,2.55,0.94,21.28,147.02,-3.05,1.18,105.00,110.00,13.07
Pacome Dadiet,2024,1,Germany,2005,19,6.8,80,36,1,15.30,6.92,2.44,4.61,0.53,0.86,2.25,0.38,1.17,1.50,0.78,0.81,1.81,2.61,0.72,0.47,0.11,0.83,1.56,0.66,0.62,6.71,14.98,10.85,7.35,13.65,1.62,0.81,18.13,169.06,-2.28,1.50,122.90,109.50,15.66
Bryson Warren,2024,0,G-League,2004,20,6.3,75,27,2,17.40,6.93,2.52,6.67,0.38,1.41,4.33,0.33,0.30,0.37,0.80,0.26,1.22,1.48,1.78,0.63,0.26,1.00,1.00,0.51,0.48,1.54,7.06,4.34,13.41,12.77,1.74,1.29,18.67,150.26,1.04,1.04,101.60,119.70,9.33
Jacky Cui,2024,0,China,2003,21,6.5,77,56,51,34.50,15.77,5.73,12.45,0.46,1.73,4.75,0.37,2.57,3.29,0.78,1.59,4.27,5.86,3.09,1.59,0.38,2.32,2.57,0.57,0.53,5.58,14.04,9.94,14.25,14.32,2.43,1.12,21.59,160.78,-0.78,1.27,112.40,110.80,15.41
Quinn Ellis,2024,0,Italy,2003,21,6.4,76,26,8,21.40,6.35,2.12,6.04,0.35,0.73,2.73,0.27,1.38,1.96,0.71,0.77,2.12,2.88,2.62,0.77,0.23,1.69,2.35,0.46,0.41,4.17,12.82,8.25,18.68,19.69,1.93,1.03,18.83,132.38,0.24,1.05,94.30,115.90,8.34
Lucas Dufeal,2024,0,France-2,2003,21,6.6,78,36,17,19.60,7.50,3.28,5.44,0.60,0.08,0.72,0.12,0.86,1.86,0.46,2.03,2.81,4.83,1.67,0.67,1.83,0.97,2.03,0.60,0.61,11.50,17.41,14.32,14.28,13.44,1.79,10.09,16.32,118.01,0.69,1.38,120.80,99.50,22.36
Miguel Allen,2023,0,Spain-3,2003,20,6-8,80,14,11,26.10,11.00,4.43,9.71,0.46,0.50,1.86,0.27,1.64,3.29,0.50,1.43,3.21,4.64,2.21,1.50,0.43,1.71,2.36,0.49,0.48,6.09,14.91,10.31,15.74,13.32,3.03,1.69,22.21,122.51,-0.90,1.13,102.00,93.50,16.90
Idrissa Ba,2023,0,France-2,2002,21,7-0,84,16,16,28.90,13.50,5.12,9.56,0.54,0.00,0.00,0.00,3.25,5.31,0.61,3.88,7.38,11.25,1.44,1.19,0.69,2.81,2.50,0.57,0.54,16.46,29.49,23.17,9.47,19.12,2.17,2.54,22.72,114.77,-6.62,1.41,106.20,91.10,21.61
Elian Benitez,2023,0,France-2,2003,20,5-11,71,33,33,31.50,21.70,7.36,16.39,0.45,1.03,3.30,0.31,5.94,8.00,0.74,0.88,3.52,4.39,6.97,2.09,0.03,3.61,2.82,0.55,0.48,3.25,13.41,8.26,42.53,15.33,3.41,0.09,33.27,150.35,3.30,1.32,112.20,97.90,26.25
William Beugre-Kassi,2023,0,France-2,2004,19,6-6,78,32,8,19.10,10.00,3.47,8.09,0.43,1.00,3.53,0.28,2.06,3.06,0.67,1.06,1.47,2.53,0.88,0.97,0.47,1.88,1.81,0.53,0.49,6.69,9.00,7.86,7.66,16.57,2.57,2.11,26.02,138.52,-6.60,1.24,97.60,98.90,15.61
Mihailo Boskovic,2023,0,Serbia,2002,21,6-10,82,28,26,27.80,13.14,4.54,11.86,0.38,2.50,7.50,0.33,1.57,2.43,0.65,1.29,4.57,5.86,1.21,0.71,1.46,1.32,2.43,0.51,0.49,5.46,19.64,12.50,8.02,9.28,1.40,5.61,24.03,136.29,-1.90,1.11,106.30,107.00,16.05
Michael Caicedo,2023,0,Spain,2003,20,6-6,78,26,1,14.20,3.65,1.31,3.27,0.40,0.58,1.58,0.37,0.46,0.62,0.75,0.42,1.27,1.69,0.92,0.81,0.15,1.15,1.58,0.52,0.49,3.51,10.72,7.08,10.65,24.58,3.03,1.14,15.29,151.59,-3.80,1.12,90.50,105.70,8.04
Sasa Ciani,2023,0,Croatia,2003,20,6-9,81,27,19,22.10,11.11,5.00,7.59,0.66,0.00,0.00,0.00,1.11,2.44,0.46,2.33,4.52,6.85,1.30,1.04,0.93,1.63,2.37,0.64,0.66,13.54,24.54,19.22,10.76,15.83,2.47,4.27,21.76,111.31,-3.42,1.46,115.60,95.50,22.93
Carlin Davison,2023,0,NZNBL,2003,20,6-5,77,9,9,27.70,11.22,4.67,8.67,0.54,0.22,1.44,0.15,1.67,2.44,0.68,2.11,4.89,7.00,3.00,2.33,0.44,2.11,2.56,0.58,0.55,8.09,18.89,13.47,15.18,17.81,3.95,1.40,17.83,137.41,-0.38,1.29,110.70,104.30,16.65
Thijs De Ridder,2023,0,Belgium,2003,20,6-8,80,32,4,20.50,10.78,4.19,8.00,0.52,0.66,1.62,0.40,1.75,2.59,0.68,2.50,3.44,5.94,0.53,0.69,0.69,0.69,2.69,0.59,0.56,14.78,21.34,17.98,5.45,6.99,1.97,4.07,23.77,160.20,-1.72,1.35,123.40,99.50,24.57
Ege Demir,2023,0,Turkey,2004,19,6-10,82,17,0,7.60,2.59,0.88,1.65,0.54,0.00,0.00,0.00,0.82,1.00,0.82,0.82,1.12,1.94,0.41,0.29,0.41,0.76,1.59,0.62,0.54,15.09,19.08,17.16,8.11,26.82,2.15,5.97,18.18,135.92,-6.42,1.57,108.80,114.50,14.60
Nikola Djurisic,2023,0,ABA,2004,19,6-8,80,24,22,28.10,13.12,4.46,10.79,0.41,0.92,3.79,0.24,3.29,4.79,0.69,0.46,2.50,2.96,3.71,1.04,0.12,3.12,2.88,0.51,0.46,2.16,11.01,6.74,22.54,19.50,1.97,0.45,26.72,134.18,-2.27,1.22,96.80,116.10,10.94
Ruben Dominguez,2023,0,Spain-2,2003,20,6-5,77,35,4,13.70,5.60,2.00,5.37,0.37,0.80,2.97,0.27,0.80,0.97,0.82,0.31,1.09,1.40,0.71,0.26,0.11,0.43,1.14,0.48,0.45,2.90,10.01,6.46,9.08,6.88,1.09,0.90,22.71,146.51,0.36,1.04,104.10,112.80,12.52
Quinn Ellis,2023,0,Italy-2,2003,20,6-4,76,35,32,30.20,11.14,4.06,10.06,0.40,1.03,3.54,0.29,2.00,2.89,0.69,0.77,3.69,4.46,4.26,1.26,0.23,2.54,2.34,0.49,0.46,2.95,14.81,8.73,25.99,18.33,2.29,0.77,21.79,138.68,0.97,1.11,97.70,105.00,13.81
Juan Francisco Fernandez,2023,0,Spain,2002,21,6-10,82,27,18,16.80,6.44,2.22,4.44,0.50,0.30,1.07,0.28,1.70,2.63,0.65,0.93,2.00,2.93,0.44,0.56,0.41,1.19,3.07,0.58,0.53,7.12,15.53,11.31,4.75,17.46,1.76,2.43,18.80,142.37,-5.17,1.45,103.40,121.00,11.69
Daniel Ifedi Ferreira Onwenu,2023,0,Brazil,2002,21,6-5,77,33,8,14.20,5.39,1.97,4.39,0.45,0.48,1.67,0.29,0.97,1.52,0.64,0.61,1.30,1.91,1.00,0.55,0.27,1.15,1.55,0.53,0.50,5.32,9.98,7.81,12.13,18.54,2.02,1.82,20.38,137.92,-3.37,1.23,98.90,105.40,11.83
Clement Frisch,2023,0,France,2002,21,6-7,79,31,1,11.80,4.48,1.61,3.03,0.53,0.39,0.94,0.41,0.87,1.03,0.84,0.77,1.48,2.26,0.87,0.48,0.06,0.81,1.32,0.64,0.60,8.36,15.21,11.88,12.36,18.79,2.18,0.51,17.39,178.95,-1.88,1.48,116.10,111.70,15.48
Sananda Fru,2023,0,Germany,2003,20,6-9,81,32,13,15.00,3.50,1.28,2.38,0.54,0.19,0.69,0.27,0.75,1.09,0.69,1.22,1.03,2.25,0.22,0.28,0.84,0.66,2.44,0.61,0.58,10.35,9.29,9.84,2.31,18.68,1.03,6.37,10.82,149.79,-3.44,1.47,115.50,115.40,10.02
Hassane Gueye,2023,0,France-2,2003,20,6-10,82,4,0,10.30,2.75,1.25,1.75,0.71,0.00,0.00,0.00,0.25,0.75,0.33,0.75,0.75,1.50,0.25,0.00,0.00,1.50,2.50,0.66,0.71,9.44,11.04,10.18,4.56,41.90,0.00,0.00,16.22,104.76,-13.06,1.57,77.10,117.60,2.18
Ondrej Hanzlik,2023,0,Spain,2002,21,6-7,79,22,6,7.80,2.09,0.77,2.41,0.32,0.55,2.05,0.27,0.00,0.05,0.00,0.18,0.59,0.77,0.32,0.23,0.00,0.18,0.50,0.43,0.43,2.83,9.04,5.96,6.74,6.96,1.56,0.00,15.59,58.74,0.38,0.87,92.70,113.90,6.42
Tomislav Ivisic,2023,0,ABA,2003,20,7-0,84,28,26,16.20,6.18,2.71,5.18,0.52,0.11,0.50,0.21,0.64,0.82,0.78,1.21,2.68,3.89,0.89,0.32,0.32,1.11,2.50,0.56,0.53,9.67,22.11,15.78,9.98,16.66,1.06,2.15,19.09,152.10,-3.10,1.19,106.60,116.50,13.13
Zvonimir Ivisic,2023,0,ABA,2003,20,7-2,86,21,2,10.60,5.57,2.19,3.90,0.56,0.48,1.43,0.33,0.71,1.14,0.63,1.29,2.19,3.48,0.24,0.29,1.00,0.90,2.33,0.63,0.62,15.05,27.19,20.94,4.48,17.03,1.43,10.00,22.91,151.93,-6.83,1.43,112.40,109.30,21.35
Ilias Kamardine,2023,0,France-2,2003,20,6-4,76,34,8,22.50,8.29,2.88,7.44,0.39,1.18,3.44,0.34,1.35,1.74,0.78,0.59,1.85,2.44,2.35,1.26,0.24,1.18,2.24,0.51,0.47,3.28,10.13,6.74,18.57,12.54,3.11,1.16,20.01,150.89,1.79,1.11,106.00,106.60,14.07
Konstantin Kostadinov,2023,0,Spain-2,2003,20,6-8,80,39,8,17.00,6.62,2.54,4.90,0.52,0.46,1.23,0.38,1.08,1.62,0.67,1.15,2.21,3.36,0.62,0.46,0.18,0.49,1.92,0.59,0.57,8.77,16.30,12.59,6.12,7.99,1.54,1.28,17.05,156.00,-0.45,1.35,125.80,103.50,17.85
Alexander Kovlyar,2023,0,Latvia,2002,21,6-3,75,32,13,23.60,13.03,4.75,9.28,0.51,2.00,4.69,0.43,1.53,2.12,0.72,0.38,2.62,3.00,4.06,1.47,0.09,1.41,2.22,0.64,0.62,1.92,13.60,7.73,29.14,12.10,3.28,0.45,23.04,165.90,5.55,1.40,126.50,97.40,23.84
Liutauras Lelevicius,2023,0,Lithuania,2003,20,6-7,79,38,31,29.10,14.97,4.84,10.79,0.45,1.84,4.87,0.38,3.45,4.05,0.85,0.79,2.92,3.71,2.68,0.89,0.26,2.11,1.74,0.60,0.53,3.66,12.55,8.27,17.73,14.34,1.71,0.92,23.63,167.78,-1.12,1.39,121.00,101.20,19.07
Gilad Levy,2023,0,Israel,2002,21,7-1,85,12,2,5.10,2.25,0.92,1.33,0.69,0.00,0.17,0.00,0.42,0.58,0.71,0.42,0.58,1.00,0.25,0.17,0.08,0.33,1.25,0.71,0.69,10.14,14.23,12.18,9.31,17.33,1.84,1.86,18.24,140.18,-3.45,1.69,124.30,103.10,16.80
Ruben Lopez,2023,0,Spain-2,2002,21,6-8,80,14,9,17.10,6.79,2.64,6.00,0.44,0.64,2.93,0.22,0.86,1.29,0.67,0.57,2.36,2.93,0.86,0.64,0.36,0.71,1.43,0.52,0.49,3.80,17.15,10.18,9.36,9.81,2.11,2.58,20.14,132.67,-0.83,1.13,105.80,105.00,15.34
Assemian Moulare,2023,0,France-2,2003,20,6-0,72,29,0,11.70,4.86,1.72,3.76,0.46,0.93,2.28,0.41,0.48,0.79,0.61,0.28,1.14,1.41,1.10,0.52,0.07,0.79,1.14,0.59,0.58,2.72,11.58,7.08,15.81,16.18,2.32,0.63,18.74,147.65,-0.48,1.29,110.60,109.10,14.74
Ousmane N'Diaye,2023,0,Spain-3,2004,19,6-11,83,26,20,22.60,9.15,3.31,8.12,0.41,1.23,3.77,0.33,1.31,1.85,0.71,2.12,5.38,7.50,0.35,0.62,0.81,1.35,2.15,0.51,0.48,11.27,26.20,19.07,2.81,13.10,1.44,3.73,21.03,144.24,-4.85,1.13,102.40,103.30,16.99
David Okwera,2023,0,NBL,2002,21,7-0,84,27,12,14.30,4.19,1.63,3.59,0.45,0.41,1.52,0.27,0.52,0.74,0.70,1.04,2.37,3.41,0.93,0.26,0.41,0.96,1.26,0.53,0.51,8.23,17.85,13.16,9.61,19.73,0.91,2.59,15.10,142.19,-2.42,1.16,103.60,108.00,11.41
Romain Parmentelot,2023,0,France-3,2004,19,6-3,75,36,29,22.80,10.53,3.72,8.14,0.46,0.78,2.36,0.33,2.31,3.33,0.69,0.78,1.78,2.56,2.92,1.00,0.14,2.00,2.25,0.55,0.51,4.27,10.43,7.25,24.15,17.23,2.36,0.69,24.22,147.84,-0.25,1.29,103.80,105.90,16.95
Ivan Perasovic,2023,0,ABA,2002,21,6-7,79,25,16,14.00,3.80,1.48,2.84,0.52,0.28,1.16,0.24,0.56,0.60,0.93,0.52,1.16,1.68,0.64,0.40,0.32,0.24,1.28,0.61,0.57,4.68,11.19,7.83,7.83,7.18,1.57,2.84,11.68,169.58,1.34,1.34,125.60,118.90,12.36
Mantas Rubstavicius,2023,0,Lithuania,2002,21,6-6,78,40,24,17.70,6.92,2.02,4.40,0.46,0.68,2.10,0.32,2.20,2.77,0.79,0.40,1.40,1.80,1.10,0.45,0.10,0.93,2.85,0.62,0.54,3.06,11.16,7.03,10.18,14.13,1.44,0.69,17.94,157.44,-1.10,1.57,119.10,115.40,12.23
Musa Sagnia,2023,0,Spain,2003,20,6-8,80,19,7,12.70,3.89,1.68,2.47,0.68,0.32,0.63,0.50,0.21,0.37,0.57,0.89,1.42,2.32,0.32,0.42,0.26,0.47,1.63,0.74,0.75,8.60,15.10,11.69,3.93,15.23,1.71,2.23,10.95,175.23,-1.96,1.57,130.80,117.70,13.91
Birahima Sylla,2023,0,France-2,2003,20,6-7,79,36,36,29.10,11.36,4.64,10.97,0.42,0.78,3.92,0.20,1.31,1.92,0.68,0.56,3.25,3.81,2.56,2.22,0.50,2.22,2.67,0.48,0.46,2.28,12.78,7.64,14.26,15.83,3.88,1.47,21.23,130.25,-1.74,1.04,93.30,95.40,13.85
Hugo Toom,2023,0,Latvia,2002,21,6-7,79,28,16,20.50,10.00,3.93,7.14,0.55,0.36,1.39,0.26,1.79,2.82,0.63,1.61,1.64,3.25,0.96,0.36,0.29,0.71,2.57,0.60,0.58,9.15,9.66,9.40,8.15,7.85,0.92,1.59,20.72,143.93,-0.35,1.40,121.80,103.70,17.86
Armel Traore,2023,0,France,2003,20,6-8,80,27,0,13.10,6.11,2.52,4.59,0.55,0.48,1.15,0.42,0.59,1.11,0.53,1.33,1.93,3.26,0.41,0.30,0.19,1.07,2.00,0.60,0.60,13.53,16.85,15.32,5.48,17.45,1.21,1.47,22.29,150.11,-6.07,1.33,107.30,108.90,15.68
Ricards Vanags,2023,0,Latvia,2002,21,6-8,80,29,25,26.60,13.52,4.97,10.55,0.47,1.28,4.31,0.30,2.31,2.69,0.86,1.21,3.62,4.83,1.00,0.69,0.31,1.66,2.48,0.58,0.53,5.69,16.00,11.01,7.43,12.36,1.36,1.14,23.41,162.56,-3.69,1.28,107.00,111.10,15.69